Superhero,Universe,alignment,combat,durability,gender,id,identity,intelligence,power,race,speed,strength
A-Bomb,Marvel Comics,Good,80,100,Male,1,Richard Milhouse Jones,80,100,Human,80,100
Abe Sapien,Dark Horse Comics,Good,85,65,Male,2,Abraham Sapien,95,100,Icthyo Sapien,35,30
Abomination,Marvel Comics,Bad,95,90,Male,3,Emil Blonsky,85,100,Human / Radiation,80,100
Abra Kadabra (CW),DC Comics,Bad,55,30,Male,4,Unknown,100,100,Human,20,10
Abraxas,Marvel Comics,Bad,100,100,Male,5,Abraxas,100,100,Cosmic Entity,100,100
Absorbing Man (MCU),Marvel Comics,Good,85,40,Male,6,Carl Creel,75,100,Human,30,15
Absorbing Man,Marvel Comics,Bad,65,100,Male,7,Carl Creel,70,100,Human,25,80
Adam Strange,DC Comics,Good,70,40,Male,8,Adam Strange,90,55,Human,35,10
Agent 13 (MCU),Marvel Comics,Good,100,50,Female,9,Sharon Carter,95,45,Human,70,20
Agent Bob,Marvel Comics,Good,20,5,Male,10,Bob,60,5,Human,15,10
Agent Carter,Marvel Comics,Good,75,20,Male,11,Carter,95,25,Human,15,10
Agent Coulson (Destroyer Gun),Marvel Comics,Good,50,10,Male,12,Coulson,100,60,Human,10,10
Agent Coulson (MCU),Marvel Comics,Good,75,30,Male,13,Phillip J. Coulson,95,40,Human,25,10
Agent May (MCU),Marvel Comics,Good,60,25,Female,14,Melinda May,95,30,Human,25,10
Ajax,Marvel Comics,Bad,55,80,Male,15,Francis,80,35,Cyborg,35,50
Akita,Lego,Good,70,15,Female,16,Akita,80,70,Human,45,10
Alex Mercer,Wildstorm,Bad,50,90,Male,17,Alexander J. Mercer,75,100,Human,40,80
Alfred (DCEU),DC Comics,Good,20,10,Male,18,Alfred Pennyworth,95,15,Human,10,10
Alfred Pennyworth,DC Comics,Good,55,10,Male,19,Alfred Thaddeus Crane Pennyworth,80,5,Human,15,10
Alien,Dark Horse Comics,Bad,60,90,Male,20,Xenomorph,75,55,Xenomorph XX121,40,30
Alucard,Dark Horse Comics,Bad,80,85,Male,21,Dracula,80,100,Demon,100,70
Amadeus Cho,Marvel Comics,Good,35,20,Male,22,Amadeus Cho,100,20,Human,20,10
Angel Dust,Marvel Comics,Good,30,40,Female,23,Christina,70,15,Mutant,25,55
Angel Salvadore (FOX),Marvel Comics,Bad,55,20,Female,24,Angel Salvadore,65,60,Mutant,60,10
Angel,Dark Horse Comics,Good,75,90,Male,25,Liam,90,100,Vampire,60,30
Animal Man,DC Comics,Good,80,85,Male,26,Bernhard Baker,80,75,Human,45,50
Ant-Man II,Marvel Comics,Good,30,40,Male,27,Scott Lang,90,55,Human,15,20
Ant-Man (MCU),Marvel Comics,Good,80,60,Male,28,Hank Pym,100,65,Human,50,35
Ant-Man,Marvel Comics,Good,30,30,Male,29,Hank Pym,100,30,Human,25,20
Anti-Monitor,DC Comics,Bad,90,100,Male,30,Mobius,95,100,God / Eternal,50,100
Aqualad,DC Comics,Good,60,75,Male,31,Garth,80,90,Atlantean,40,45
Aquaman (Injustice),DC Comics,Good,85,80,Male,32,Arthur Curry,85,100,Atlantean,75,75
Ardina,Marvel Comics,Good,25,80,Female,33,Ardina,80,100,Alien,100,100
Arnim Zola (MCU),Marvel Comics,Bad,20,15,Male,34,Arnim Zola,100,10,Human,10,5
Arno Victor Dorian,Ubisoft,Good,100,45,Male,35,Arno Dorian,85,90,Human / Altered,40,10
Ash,Lego,Good,100,80,Male,36,Ash,90,100,Human,60,25
Atom (CW),DC Comics,Good,85,75,Male,37,Ray Palmer,100,100,Human,70,35
Atom II,DC Comics,Good,60,45,Male,38,Ray Palmer,95,40,Human,35,10
Atom Smasher (CW),DC Comics,Bad,65,85,Male,39,Al Rothstein,60,80,Metahuman,65,75
Atomica,DC Comics,Bad,70,20,Female,40,Rhonda Pineda,80,40,Human,30,10
Aurora,Marvel Comics,Good,55,60,Female,41,Jeanne-Marie Beaubier,80,85,Mutant,95,10
Azrael (Gotham),DC Comics,Bad,95,75,Male,42,Theo Galavan,95,60,Human,55,40
Aztar,DC Comics,Good,80,100,Male,43,Aztar,100,100,Cosmic Entity,100,100
Bane (Dark Knight),DC Comics,Bad,90,60,Male,44,Unknown,95,65,Human,25,30
Banshee,Marvel Comics,Good,70,40,Male,45,Sean Cassidy,75,65,Human,60,10
Baron Mordo (MCU),Marvel Comics,Bad,90,60,Male,46,Karl Mordo,100,100,Human,65,30
Baron Zemo (MCU),Marvel Comics,Bad,100,50,Male,47,Helmut J. Zemo,100,30,Human,50,30
Baron Zemo,Marvel Comics,Bad,80,65,Male,48,Helmut Zemo,90,80,Human,20,50
Batgirl III,DC Comics,Good,95,45,Male,49,Helena Rosa Bertinelli,95,40,Human,50,20
Batgirl (Injustice),DC Comics,Good,100,50,Female,50,Barbara Gordon,100,50,Human,45,15
Batgirl IV,DC Comics,Good,100,55,Female,51,Cassandra Cain,85,45,Human,25,10
Batman (Arkham),DC Comics,Good,100,100,Male,52,Bruce Wayne,100,95,Human,55,20
Batman (Burtonverse),DC Comics,Good,90,40,Male,53,Bruce Wayne,90,40,Human,25,15
Batman (GAM),DC Comics,Good,85,75,Male,54,Kirk Langstrom,100,75,Vampire,60,30
Batman II,DC Comics,Good,100,30,Male,55,Dick Grayson,95,35,Human,35,10
Batman (Injustice),DC Comics,Good,100,55,Male,56,Bruce Wayne,100,55,Human,45,25
Batman (LEGO),Lego,Good,85,40,Male,57,Bruce Wayne,75,60,Human,25,20
Batroc The Leaper (MCU),Marvel Comics,Bad,100,40,Male,58,Georges Batroc,75,35,Human,45,15
Battle-Suit Batman (DCEU),DC Comics,Good,95,75,Male,59,Bruce Wayne,100,75,Human,50,80
Batwoman V,DC Comics,Good,80,25,Female,60,Katherine Rebecca Kane,90,25,Human,30,10
Batwoman,DC Comics,Good,85,30,Female,61,Helena Wayne,90,40,Human,30,15
Beast Boy (Titans),DC Comics,Good,65,45,Male,62,Garfield Logan,75,65,Human,60,30
Beast Boy,DC Comics,Good,40,70,Male,63,Garfield Mark Logan,75,80,Human,50,30
Beetle,Marvel Comics,Bad,65,50,Male,64,Abner Jenkins,95,55,Human,50,30
Beta Ray Bill,Marvel Comics,Good,85,95,Male,65,Beta Ray Bill,80,100,Leprechaun,35,80
Big Barda,DC Comics,Bad,100,100,Female,66,Barda Free,95,100,New God,80,100
Bird-Man,Marvel Comics,Bad,0,0,Male,67,Henry Hawk,0,5,Human,0,0
Bird,DC Comics,Bad,80,10,Male,68,Birdy Colossimo,90,15,Human,15,10
Bishop (Fox),Marvel Comics,Good,70,70,Male,69,Lucas Bishop,80,80,Mutant,30,15
Bishop,Marvel Comics,Good,65,75,Male,70,Lucas Bishop,80,100,Mutant,25,15
Bizarro,DC Comics,Neutral,85,100,Male,71,Bizarro,70,100,Bizarro,100,95
Black Bolt (MCU),Marvel Comics,Good,85,50,Male,72,Blackagar Boltagon,85,75,Inhuman,30,30
Black Bolt,Marvel Comics,Good,55,85,Male,73,Blackagar Boltagon,90,100,Inhuman,100,65
Black Canary (CW),DC Comics,Good,85,35,Female,74,Laurel Lance,85,65,Human,85,10
Black Canary II (CW),DC Comics,Good,100,45,Female,75,Dinah Drake,90,50,Human,50,20
Black Canary (Injustice),DC Comics,Good,100,45,Female,76,Dinah Laurel Lance,95,50,Metahuman,50,20
Black Canary,DC Comics,Good,80,20,Female,77,Laurel Lance,80,50,Metahuman,35,10
Black Cat (PS4),Marvel Comics,Neutral,80,30,Female,78,Felicia Hardy,80,45,Human,65,10
Black Cat,Marvel Comics,Good,70,10,Female,79,Felicia Hardy,90,25,Human,35,15
Black Knight III,Marvel Comics,Good,70,70,Male,80,Dane Whitman,80,45,Human,10,10
Black Manta (DCEU),DC Comics,Bad,85,55,Male,81,David Kane,85,75,Human,55,45
Blade,Marvel Comics,Good,90,50,Male,82,Eric Brooks,80,40,Vampire,40,30
Blink,Marvel Comics,Good,65,30,Female,83,Clarice Ferguson,75,75,Mutant,20,10
Blob (FOX),Marvel Comics,Bad,50,85,Male,84,Fred Dukes,80,45,Mutant,30,30
Bloodaxe,Marvel Comics,Bad,85,80,Female,85,Jackie Lukus,80,100,Human,35,80
Bloodhawk,Marvel Comics,Good,65,80,Male,86,Lemuel Krug,75,80,Mutant,50,10
Blue Beetle II,DC Comics,Good,90,60,Male,87,Theodore Kord,95,70,Human,50,55
Blue Beetle (Injustice),DC Comics,Good,70,85,Male,88,Jaime Reyes,75,100,Human,90,35
Boom-Boom,Marvel Comics,Good,65,40,Female,89,Tabitha Smith,70,55,Mutant,10,10
Bor Burison,Marvel Comics,Neutral,100,100,Male,90,Bor Burison,75,100,Asgardian,100,100
Brainiac,DC Comics,Bad,75,90,Male,91,Vril Dox,100,65,Android,65,95
Brother Voodoo,Marvel Comics,Good,85,60,Male,92,Jericho Drumm,95,90,Human,55,15
Buffy,Dark Horse Comics,Good,60,70,Female,93,Buffy Anne Summers,80,50,Human,40,30
Bullseye,Marvel Comics,Bad,70,70,Male,94,Lester,75,20,Human,25,10
Bumblebee,Hasbro,Good,95,75,Male,95,Bumblebee,85,75,Robot,60,55
Buri,Marvel Comics,Neutral,100,90,Male,96,Buri,100,100,Asgardian,90,100
Bushmaster (MCU),Marvel Comics,Bad,95,70,Male,97,John Mclver,85,65,Human,60,55
Butterball,Clive Barker,Good,50,100,Male,98,Emery Schaub,90,100,Human,25,10
Cable (FOX),Marvel Comics,Bad,70,60,Male,99,Nathan Summers,65,100,Cyborg,80,55
Cable,Marvel Comics,Good,80,55,Male,100,Nathan Summers,95,100,Mutant,25,50
Captain Boomerang (CW),DC Comics,Bad,90,35,Male,101,Digger Harkness,85,45,Human,35,15
Captain Boomerang (DCEU),DC Comics,Bad,80,40,Male,102,Digger Harkness,85,40,Human,25,15
Captain Boomerang,DC Comics,Bad,80,40,Male,103,George Harkness,60,40,Human,40,15
Captain Britain,Marvel Comics,Good,80,60,Male,104,Brian Braddock,90,30,Human,50,75
Captain Hindsight,South Park,Good,20,30,Male,105,Jack Brolin,65,10,Human,85,10
Captain Mar-vell,Marvel Comics,Good,85,90,Male,106,Genis-Vell,85,100,Kree,90,95
Captain Metropolis,DC Comics,Good,80,40,Male,107,Nelson Gardner,85,45,Human,25,20
Catwoman (Injustice),DC Comics,Bad,100,45,Female,108,Selina Kyle,95,50,Human,50,10
Catwoman,DC Comics,Bad,85,30,Female,109,Selina Kyle,85,45,Human,25,10
Caulifla,Shueisha,Neutral,100,100,Female,110,Caulifla,80,100,Saiyan,100,100
Cerebra,Marvel Comics,Good,0,0,Female,111,Shakti Haddad,0,5,Mutant,0,0
Chamber,Marvel Comics,Good,65,80,Male,112,Jonothon Evan Starsmore,75,55,Mutant,20,10
Champion Of The Universe,Marvel Comics,Neutral,100,100,Male,113,Tryco Slatterus,50,100,Elder,75,100
Cheetah II,DC Comics,Bad,60,20,Female,114,Deborah Domaine,70,40,Human,40,20
Cheetah III,DC Comics,Bad,95,80,Female,115,Barbara Minerva,95,80,Human,90,100
Cheshire,DC Comics,Bad,100,50,Female,116,Jade Nguyen,90,50,Human,35,10
Citizen Steel (CW),DC Comics,Good,80,100,Male,117,Nate Heywood,95,70,Metahuman,35,90
Cole (The LEGO Ninjago Movie),Lego,Good,100,30,Male,118,Cole,85,100,Human,25,25
Collector,Marvel Comics,Bad,75,60,Male,119,Taneleer Tivan,95,100,Elder,30,50
Colossus,Marvel Comics,Good,80,100,Male,120,Peter Rasputin,80,45,Mutant,35,85
Connor Hawke,DC Comics,Good,95,40,Male,121,Connor Hawke,90,55,Human,35,10
Connor Kenway,Ubisoft,Good,100,40,Male,122,Ratonhnhaké:ton,90,70,Human,40,10
Constantine (CW),DC Comics,Good,70,30,Male,123,John Constantine,95,100,Human,25,10
Copycat,Marvel Comics,Neutral,60,25,Female,124,Vanessa Carlysle,80,55,Mutant,20,10
Corvus Glaive (MCU),Marvel Comics,Bad,90,70,Male,125,Corvus Glaive,70,65,Alien,65,65
Cosmo The Spacedog,Marvel Comics,Good,55,45,Male,126,Cosmo,90,100,Animal,30,15
Cottonmouth,Marvel Comics,Bad,25,10,Male,127,Burchell Clemens,75,25,Human,10,10
Crystal (MCU),Marvel Comics,Good,80,20,Female,128,Crystalia Amaquelin,85,80,Inhuman,25,10
Crystal,Marvel Comics,Good,55,15,Female,129,Crystallia Amaquelin,80,60,Inhuman,10,15
Cull Obsidian (MCU),Marvel Comics,Bad,95,85,Male,130,Cull Obsidian,60,85,Alien,60,90
Cyborg (Sonar Suit),Lego,Good,60,60,Male,131,Victor Stone,100,40,Cyborg,55,55
Cyborg Superman,DC Comics,Bad,80,100,Male,132,Henry Henshaw,90,100,Cyborg,90,95
Cyborg,DC Comics,Good,65,85,Male,133,Victor Stone,90,70,Cyborg,40,55
Cyclops (FOX),Marvel Comics,Good,55,30,Male,134,Scott Summers,65,50,Mutant,30,15
Cyclops,Marvel Comics,Good,80,40,Male,135,Scott Summers,90,75,Mutant,25,10
Daken,Marvel Comics,Bad,100,80,Male,136,Akihiro,85,100,Mutant,50,15
Dark Archer (CW),DC Comics,Neutral,100,50,Male,137,Malcolm Merlyn,95,50,Human,45,15
Darkhawk,Marvel Comics,Good,65,70,Male,138,Christopher Powell,75,75,Human,35,30
Darkman,Universal Studios,Good,30,60,Male,139,Peyton Westlake,95,20,Human,20,15
Darkstar,Marvel Comics,Good,65,40,Female,140,Laynia Petrovna,70,80,Mutant,35,10
Darth Maul,George Lucas,Bad,100,45,Male,141,Maul,85,100,Dathomirian Zabrak,35,50
Darth Nox,George Lucas,Bad,100,30,Female,142,Remowa Alucard,85,100,Human,100,30
Darwin (FOX),Marvel Comics,Good,70,100,Male,143,Armando Muñoz,70,100,Mutant,30,10
Dash,Dark Horse Comics,Good,30,60,Male,144,Dashiell Robert Parr,65,20,Human,90,10
Dazzler,Marvel Comics,Good,55,60,Female,145,Alison Blaire,80,100,Mutant,35,10
Deadshot (CW),DC Comics,Neutral,90,40,Male,146,Floyd Lawton,85,40,Human,40,15
Deadshot (New 52),DC Comics,Bad,90,35,Male,147,Floyd Lawton,85,40,Human,25,10
Death Of The Endless,DC Comics,Neutral,50,100,Female,148,Death,100,100,Cosmic Entity,100,100
Death Seed Archangel,Marvel Comics,Neutral,85,80,Male,149,Warren Worthington,95,100,Mutant,90,15
Deathstroke (Injustice),DC Comics,Neutral,100,70,Male,150,Slade Wilson,90,100,Human,35,30
Deathstroke (New 52),DC Comics,Neutral,100,60,Male,151,Slade Wilson,90,70,Human / Altered,45,35
Deathstroke,DC Comics,Neutral,100,65,Male,152,Slade Wilson,100,100,Human,35,30
Desmond Miles,Ubisoft,Good,90,40,Male,153,Desmond Miles,85,95,Human,30,10
Destruction Of The Endless,DC Comics,Neutral,85,100,Male,154,Destruction,100,100,Cosmic Entity,100,100
Detective Chimp,DC Comics,Good,85,85,Male,155,Bobo T. Chimpanzee,100,100,Gorilla,60,55
Devastator,DC Comics,Bad,100,100,Male,156,Bruce Wayne,100,100,Mutant,70,100
Devilman,Shueisha,Good,90,100,Male,157,Akira Fudo,90,100,Demon,100,100
Doc Green,Marvel Comics,Good,80,70,Male,158,Bruce Banner,100,100,Human,75,100
Doc Samson,Marvel Comics,Good,70,80,Male,159,Leonard Samson,90,35,Human / Radiation,35,80
Doctor Mid-Nite,DC Comics,Good,90,35,Male,160,Dr Charles Mcnider,90,55,Human / Altered,35,35
Doctor Occult,DC Comics,Good,85,90,Male,161,Unknown,100,100,Human,100,55
Doctor Octopus,Marvel Comics,Bad,65,40,Male,162,Otto Octavius,95,55,Human,35,50
Domino (FOX),Marvel Comics,Good,60,30,Female,163,Neena Thurman,80,45,Mutant,50,10
Domino,Marvel Comics,Good,75,30,Female,164,Neena Thurman,80,50,Human,25,10
Donna Troy,DC Comics,Good,85,90,Female,165,Donna Hinckley Stacey Troy,90,75,Amazon,60,90
Doomsday,DC Comics,Bad,90,100,Male,166,Doomsday,90,100,Alien,65,100
Dormammu,Marvel Comics,Bad,80,100,Male,167,Dormammu,100,100,Cosmic Entity,100,100
Dove (Titans),DC Comics,Good,95,40,Female,168,Dawn Granger,85,40,Human,45,10
Dr Manhattan,DC Comics,Good,45,100,Male,169,Jonathan Osterman,100,100,Human / Cosmic,40,100
Dracula,Konami,Bad,75,100,Male,170,Vlad Tepes Dracula,100,100,Vampire,100,100
Drax the Destroyer,Marvel Comics,Good,65,85,Male,171,Arthur Sampson Douglas,80,45,Human / Altered,25,80
Edward Kenway,Ubisoft,Good,100,40,Male,172,Edward Kenway,90,70,Human,40,10
El Diablo,DC Comics,Neutral,70,80,Male,173,Chato Santana,60,100,Human,30,20
Elastigirl,Dark Horse Comics,Good,70,95,Female,174,Helen Parr,80,50,Human,35,30
Electro (SONY),Marvel Comics,Bad,55,70,Male,175,Max Dillon,85,90,Metahuman,70,20
Electro,Marvel Comics,Bad,65,55,Male,176,Maxwell Dillon,85,65,Human,50,10
Elektra (Fox),Marvel Comics,Neutral,70,45,Female,177,Elektra Natchios,90,50,Human,50,20
Elektra,Marvel Comics,Good,100,30,Female,178,Elektra Natchios,80,60,Human,30,10
Emma Frost (FOX),Marvel Comics,Good,85,85,Female,179,Emma Grace Frost,95,90,Mutant,50,30
Emma Frost,Marvel Comics,Neutral,55,100,Female,180,Emma Frost,85,100,Mutant,70,30
Erik Killmonger,Marvel Comics,Bad,95,65,Male,181,"N'Jadaka",90,70,Human,30,15
Etrigan,DC Comics,Neutral,50,100,Male,182,Jason Blood,75,100,Demon,15,85
Evie Frye,Ubisoft,Good,100,30,Female,183,Evie Frye,90,70,Human,45,10
Evil Deadpool,Marvel Comics,Bad,100,100,Male,184,Wade Wilson,85,100,Mutant,50,30
Evilhawk,Marvel Comics,Bad,65,70,Male,185,Dargin Bokk ,75,85,Alien,35,30
Exodus,Marvel Comics,Bad,70,30,Male,186,Bennet du Paris ,80,100,Mutant,30,80
Falcon,Marvel Comics,Good,65,30,Male,187,Sam Wilson,70,20,Human,50,15
Fandral (MCU),Marvel Comics,Good,95,70,Male,188,Fandral,75,65,Asgardian,70,55
Faora,DC Comics,Bad,90,100,Female,189,Faora Hu-Ul,95,100,Kryptonian,75,95
Felix Faust,DC Comics,Bad,75,65,Male,190,Dekan Drache,85,100,God / Eternal,20,10
Firestar,Marvel Comics,Good,30,55,Female,191,Angelica Jones,75,70,Mutant,55,10
Firestorm (CW),DC Comics,Good,65,70,Male,192,Ronald Raymond,85,100,Metahuman,80,35
Firestorm II (CW),DC Comics,Good,75,70,Male,193,Jefferson Jackson,80,100,Metahuman,80,35
Firestorm,DC Comics,Good,40,80,Male,194,Ronald Raymond,70,100,Human,60,80
Flash (CW),DC Comics,Good,85,75,Male,195,Barry Allen,85,100,Metahuman,100,35
Flash (Injustice),DC Comics,Good,45,95,Male,196,Barry Allen,90,100,Metahuman,100,30
Flash IV,DC Comics,Good,50,30,Male,197,Bartholomew Allen II,80,100,Human,100,10
Flash,DC Comics,Good,30,50,Male,198,Jay Garrick,80,70,Human,100,10
Franklin Richards,Marvel Comics,Good,50,100,Male,199,Franklin Richards,90,100,Mutant,15,80
Gaara,Shueisha,Good,100,95,Male,200,Gaara,85,100,Human,65,90
Gambit,Marvel Comics,Good,85,30,Male,201,Remy Etienne LeBeau,80,60,Mutant,25,10
Gamora,Marvel Comics,Good,100,85,Female,202,Gamora Zen Whoberi Ben Titan,90,55,Zen-Whoberian,40,85
Gandalf The White,J. R. R. Tolkien,Good,100,80,Male,203,Mithrandir,100,100,Maiar,65,10
Gandalf,J. R. R. Tolkien,Good,100,70,Male,204,Olórin,95,100,Maiar,60,10
General Vex,Lego,Bad,10,10,Male,205,Vex,70,20,Lego,50,30
General Zod,DC Comics,Bad,95,100,Male,206,Dru-Zod,95,100,Kryptonian,95,100
Ghost Rider II (MCU),Marvel Comics,Good,85,100,Male,207,Robbie Reyes,75,100,Demon,30,55
Gladiator,Marvel Comics,Neutral,70,100,Male,208,Kallark,75,75,Strontian,100,100
Golden Ninja,Lego,Good,100,100,Male,209,Lloyd Garmadon,100,100,God / Eternal,100,100
Gorilla Grodd (CW),DC Comics,Bad,85,80,Male,210,Grodd,90,100,Gorilla,65,65
GPL,Lego,Bad,20,10,Female,211,GPL Tech,100,20,Human,10,10
Grand Master Skywalker,George Lucas,Good,90,30,Male,212,Luke Skywalker,80,100,Human,100,30
Grant Ward (MCU),Marvel Comics,Bad,40,20,Male,213,Grant Ward,90,25,Human,15,10
Graviton (MCU),Marvel Comics,Bad,85,90,Male,214,Glenn Talbot,85,100,Metahuman,85,50
Gravity,Marvel Comics,Good,30,40,Male,215,Greg Willis,75,70,Human,35,30
Green Arrow (Injustice),DC Comics,Good,85,40,Male,216,Oliver Queen,85,35,Human,40,15
Green Arrow,DC Comics,Good,90,30,Male,217,Oliver Queen,90,20,Human,25,25
Green Lantern (Injustice),DC Comics,Good,85,85,Male,218,Hal Jordan,90,100,Human,85,65
Green Lantern (New 52),DC Comics,Good,80,95,Male,219,Alan Scott,85,90,Human,65,75
Grifter,DC Comics,Neutral,95,80,Male,220,Cole Cash,75,100,Human,50,15
Grim Reaper,Marvel Comics,Bad,70,50,Male,221,Eric Williams,90,90,Human,40,30
Groot,Marvel Comics,Good,65,70,Male,222,Groot,90,100,Flora Colossus,35,85
Gypsy (CW),DC Comics,Good,85,40,Female,223,Cynthia,80,80,Metahuman,45,15
Harley Quinn (Arkham),DC Comics,Bad,100,60,Female,224,Harleen Quinzel,100,75,Human,50,20
Harley Quinn (New 52),DC Comics,Neutral,100,65,Female,225,Harleen Quinzel,100,65,Human,50,20
Harley Quinn,DC Comics,Bad,80,65,Female,226,Harleen Quinzel,95,55,Human,35,10
Harrison Wells (CW),DC Comics,Good,70,20,Male,227,Harrison Wells,100,15,Human,25,10
Harry Osborn (Raimi Trilogy),Marvel Comics,Good,75,60,Male,228,Harold Osborn,85,70,Human,60,50
Harry Potter,J. K. Rowling,Good,50,10,Male,229,Harry James Potter,90,100,Human,20,5
Havok (FOX),Marvel Comics,Good,75,60,Male,230,Alexander Summers,90,55,Mutant,50,30
Havok,Marvel Comics,Good,45,60,Male,231,Alexander Summers,80,70,Mutant,25,10
Hawk (Titans),DC Comics,Good,85,50,Male,232,Hank Hall,75,45,Human,35,15
Hawkeye II,Marvel Comics,Good,50,10,Female,233,Katherine Elizabeth Bishop,75,25,Human,10,5
Hawkgirl (CW),DC Comics,Good,75,100,Female,234,Kendra Saunders,80,80,Human,55,30
Hawkman (CW),DC Comics,Good,70,70,Male,235,Carter Hall,70,50,Human,60,55
Heat Wave (CW),DC Comics,Good,85,45,Male,236,Mick Rory,75,40,Human,30,15
Heat Wave,DC Comics,Bad,30,45,Male,237,Mick Rory,70,25,Human,15,10
Heimdall (MCU),Marvel Comics,Good,90,90,Male,238,Heimdall,100,100,Asgardian,85,35
Hellboy (Injustice 2),Dark Horse Comics,Good,100,100,Male,239,Anung Un Rama,75,100,Demon,100,100
Hellboy,Dark Horse Comics,Good,100,100,Male,240,Anung Un Rama,75,100,Demon,50,55
Hellcat,Marvel Comics,Good,70,45,Female,241,Patricia Walker,80,45,Human,35,10
Hellfire (MCU),Marvel Comics,Bad,75,25,Male,242,JT James,75,55,Inhuman,20,10
Highfather,DC Comics,Good,95,100,Male,243,Izaya,100,100,God / Eternal,90,100
Hit-Monkey,Marvel Comics,Neutral,85,45,Male,244,Unknown,85,70,Animal,50,15
Hive (MCU),Marvel Comics,Bad,100,100,Male,245,Unknown,90,100,Inhuman,40,30
Hogun (MCU),Marvel Comics,Good,90,75,Male,246,Hogun,70,70,Alien,60,60
Hourman,DC Comics,Good,80,70,Male,247,Rex Tyler,85,85,Metahuman,65,80
Howard The Duck,Marvel Comics,Good,90,40,Male,248,Howard,90,100,Animal,40,10
Hugo Strange,DC Comics,Bad,85,45,Male,249,Professor Hugo Strange,100,75,Human,35,15
Hulk Earth-5901,Marvel Comics,Good,75,100,Male,250,Bruce Banner,75,100,Human,90,100
Hulk,Marvel Comics,Good,85,100,Male,251,Bruce Banner,60,100,Human / Radiation,85,100
Human Torch (FOX),Marvel Comics,Good,65,50,Male,252,Jonathan Storm,75,100,Human / Radiation,75,15
Human Torch II,Marvel Comics,Good,45,60,Male,253,Jim Hammond,90,55,Android,35,15
Huntress (CW),DC Comics,Good,100,30,Female,254,Helena Bertinelli,90,20,Human,45,10
Huntress (Injustice),DC Comics,Good,100,50,Female,255,Helena Rosa Bertinelli,85,35,Human,50,15
Hush,DC Comics,Bad,80,40,Male,256,Thomas Elliot,95,25,Human,25,10
Husk,Marvel Comics,Good,65,80,Female,257,Paige Elisabeth Guthrie,80,50,Mutant,35,65
Hybrid,Marvel Comics,Good,80,75,Male,258,Scott Washington,80,100,Symbiote,60,65
Iceman (FOX),Marvel Comics,Good,65,60,Male,259,Bobby Drake,80,70,Mutant,50,35
Iceman,Marvel Comics,Good,65,100,Male,260,Bobby Drake,80,100,Mutant,55,30
Icon,DC Comics,Good,90,100,Male,261,Arnus,95,100,Alien,100,100
Immortal Hulk,Marvel Comics,Neutral,85,100,Male,262,Bruce Banner,90,100,Human / Radiation,90,100
Imperiex,DC Comics,Bad,85,100,Male,263,Imperiex,90,100,God / Eternal,95,100
Incredible Hulk (Universal),Marvel Comics,Good,85,100,Male,264,Bruce Banner,95,100,Human,75,100
Ink,Marvel Comics,Good,50,40,Male,265,Eric Gitter,70,75,Mutant,15,30
Invisible Woman (FOX),Marvel Comics,Good,80,85,Female,266,Susan Storm,100,100,Human / Radiation,75,20
Iron Fist,Marvel Comics,Good,100,50,Male,267,Danny Rand,90,95,Human,35,55
Iron Monger (MCU),Marvel Comics,Bad,80,70,Male,268,Obadiah Stane,100,55,Human,70,65
Itachi Uchiha,Shueisha,Neutral,100,75,Male,269,Uchiha Itachi,90,100,Human,80,100
Jack-Jack,Dark Horse Comics,Good,5,80,Male,270,Jack-Jack Parr,35,100,Human,65,35
Jack of Hearts,Marvel Comics,Good,30,30,Male,271,Jonathan Hart,80,75,Human,100,55
Jacob Frye,Ubisoft,Good,100,35,Male,272,Jacob Frye,90,65,Human,40,10
James Bond (Craig),Ian Fleming,Good,90,35,Male,273,James Bond,95,25,Human,15,15
Jane Foster (MCU),Marvel Comics,Good,40,10,Female,274,Jane Foster,100,15,Human,15,10
Jay (The LEGO Ninjago Movie),Lego,Good,100,30,Male,275,Jay Gordon,85,100,Human,35,10
Jean Grey,Marvel Comics,Good,70,20,Female,276,Jean Grey,95,95,Mutant,20,80
Jemma Simmons (MCU),Marvel Comics,Good,70,20,Female,277,Jemma Anne Simmons,100,10,Human,20,10
Jesse Quick (CW),DC Comics,Good,75,75,Female,278,Jesse Wells,100,100,Metahuman,100,30
Jesse Quick,DC Comics,Good,90,60,Female,279,Jesse Chambers,95,100,Human,100,30
Jessica Jones,Marvel Comics,Good,55,70,Female,280,Jessica Campbell Jones Cage,80,20,Human,50,45
Jigsaw (MCU),Marvel Comics,Bad,90,45,Male,281,Billy Russo,85,45,Human,35,15
Joe Wilson (CW),DC Comics,Bad,95,40,Male,282,Joe Wilson,85,35,Human,40,15
Johann Krauss,Dark Horse Comics,Good,50,60,Male,283,Johann Krauss,85,100,Energy,70,20
John Pilgrim (MCU),Marvel Comics,Neutral,90,45,Male,284,Robert Pilgrim,85,40,Human,35,15
Joker,DC Comics,Bad,70,60,Male,285,Jack Napier,100,45,Human,10,10
Jonah Hex (CW),DC Comics,Good,80,35,Male,286,Jonah Hex,85,40,Human,30,15
Jubilee,Marvel Comics,Good,90,20,Female,287,Jubilation Lee,80,65,Mutant,20,10
Juggernaut (FOX),Marvel Comics,Bad,85,85,Male,288,Cain Marko,65,100,Mutant,70,50
Juggernaut,Marvel Comics,Neutral,75,100,Male,289,Cain Marko,70,100,Human,65,100
Justice,Marvel Comics,Good,30,70,Male,290,Vance Astrovik,75,60,Human,35,10
Justin Hammer,Marvel Comics,Bad,15,10,Male,291,Justin Hammer,100,10,Human,15,10
Kaecilius (MCU),Marvel Comics,Bad,100,55,Male,292,Kaecilius,85,100,Human,50,20
Kaguya Ōtsutsuki,Shueisha,Bad,90,100,Female,293,Ōtsutsuki Kaguya,55,100,God / Eternal,100,100
Kai (The LEGO Ninjago Movie),Lego,Good,100,55,Male,294,Kai,85,85,Human,60,10
Kale,Shueisha,Neutral,100,100,Female,295,Kale,85,100,Saiyan,100,100
Kanto,DC Comics,Bad,100,90,Male,296,Iluthin,90,100,New God,65,60
Karnak (MCU),Marvel Comics,Good,100,55,Male,297,Karnak Mander-Azur,95,55,Inhuman,45,15
Katana (DCEU),DC Comics,Good,100,40,Female,298,Tatsu Yamashiro,70,55,Human,50,10
Katana,DC Comics,Good,95,40,Female,299,Tatsu Yamashiro,80,60,Human,50,10
Kefla,Shueisha,Neutral,100,100,Female,300,Kale/Caulifla,85,100,Saiyan,100,100
Kenshiro,Shueisha,Good,100,65,Male,301,Kenshiro,85,100,Human,65,90
KGBeast,DC Comics,Bad,95,50,Male,302,Anatoli Knyazev,70,65,Cyborg,30,20
Kid Flash (CW),DC Comics,Good,70,65,Male,303,Wally West,70,90,Metahuman,90,40
Kid Flash II,DC Comics,Good,75,60,Male,304,Bartholomew Allen II,90,100,Human,100,30
Kilgrave (MCU),Marvel Comics,Bad,40,20,Male,305,Kevin Thompson,80,80,Human,15,10
Killer Croc (DCEU),DC Comics,Bad,75,85,Male,306,Waylon Jones,90,75,Metahuman,40,60
Killer Croc,DC Comics,Bad,60,90,Male,307,Waylon Jones,60,55,Metahuman,35,55
Killer Frost,DC Comics,Bad,30,35,Female,308,Caitlin Snow,95,60,Human,15,10
Killian (MCU),Marvel Comics,Bad,90,70,Male,309,Aldrich Killian,100,80,Metahuman,60,50
Killmonger (MCU),Marvel Comics,Bad,95,80,Male,310,Erik Stevens,85,80,Human,60,60
King Thanos,Marvel Comics,Bad,95,100,Male,311,Thanos,100,100,Titanian,80,100
Kingpin,Marvel Comics,Bad,70,40,Male,312,Wilson Grant Fisk,90,15,Human,25,20
Klaw (MCU),Marvel Comics,Bad,70,40,Male,313,Ulysses Klaue,85,35,Human,40,15
Klaw,Marvel Comics,Bad,60,100,Male,314,Ulysses Klaw,80,60,Human,35,40
Koko (The LEGO Ninjago Movie),Lego,Good,100,20,Female,315,Koko,90,55,Human,40,20
Kraven II,Marvel Comics,Bad,85,30,Male,316,Alyosha Kravinoff,75,45,Human,25,35
Kraven the Hunter,Marvel Comics,Bad,85,40,Male,317,Sergei Kravinoff,80,25,Human,35,30
Krypto,DC Comics,Good,40,90,Male,318,Krypto the Superdog,55,80,Kryptonian,100,80
Lady Bullseye,Marvel Comics,Bad,90,45,Female,319,Maki Matsumotu,90,40,Human,20,10
Lady Deadpool,Marvel Comics,Neutral,100,100,Female,320,Wanda Wilson,50,100,Mutant,60,15
Lady Deathstrike,Marvel Comics,Bad,90,85,Female,321,Yuriko Oyama,80,50,Cyborg,40,30
Lady Shiva,DC Comics,Neutral,100,30,Female,322,Sandra Wu-San,90,40,Human,35,10
Lance Hunter (MCU),Marvel Comics,Good,85,35,Male,323,Lance Hunter,85,35,Human,40,15
Laufey (MCU),Marvel Comics,Bad,75,80,Male,324,Laufey,80,70,Frost Giant,60,30
Lauren Strucker (Fox),Marvel Comics,Good,55,15,Female,325,Lauren Strucker,75,85,Mutant,20,10
Leo Fitz (MCU),Marvel Comics,Good,80,25,Male,326,Leopold Fitz,100,20,Human,25,10
Lex Luthor (DCEU),DC Comics,Bad,50,20,Male,327,Alexander Joseph Luthor,100,20,Human,15,10
Lex Luthor (Injustice),DC Comics,Bad,70,65,Male,328,Alexander Luthor,100,90,Human,25,55
Lex Luthor,DC Comics,Bad,70,65,Male,329,Lex Luthor,100,70,Human,25,55
Lightspeed,Marvel Comics,Good,100,55,Female,330,Julie Power,90,80,Human,100,10
Livewire,DC Comics,Good,85,95,Female,331,Leslie Willis,85,70,Human,90,60
Lizard,Marvel Comics,Bad,55,70,Male,332,Curtis Connors,75,75,Human,60,50
Lloyd (The LEGO Ninjago Movie),Lego,Good,100,40,Male,333,Lloyd Garmadon,85,70,Human,70,10
Lobo,DC Comics,Neutral,85,100,Male,334,Lobo,95,100,Czarnian,55,100
Lockjaw,Marvel Comics,Good,30,50,Male,335,Lockjaw,70,60,Inhuman,90,30
Luke Cage,Marvel Comics,Good,70,95,Male,336,Luke Cage,75,45,Human,30,65
Luke Skywalker,George Lucas,Good,100,25,Male,337,Luke Skywalker,85,100,Human,40,40
Luna,Marvel Comics,Good,15,15,Female,338,Luna Maximoff,70,55,Human,85,5
Madara Uchiha,Shueisha,Bad,100,100,Male,339,Uchiha Madara,90,100,Human,100,100
Maestro Hulk,Marvel Comics,Bad,85,100,Male,340,Bruce Banner,100,100,Human / Radiation,85,100
Man-Bat,DC Comics,Neutral,30,70,Male,341,Robert Kirkland Langstrom,70,35,Human,50,20
Mandarin,Marvel Comics,Bad,95,30,Male,342,Khan,100,100,Human,25,30
Maria Hill (MCU),Marvel Comics,Good,70,25,Female,343,Maria Hill,90,25,Human,20,20
Mario,Nintendo,Good,55,100,Male,344,Mario Mario,75,100,Human,100,100
Martian Manhunter,DC Comics,Good,85,100,Male,345,"J'onn J'onzz",100,100,Martian,90,95
Master Chief,Microsoft,Good,100,80,Male,346,John-117,90,70,Human / Altered,35,75
Maximus (MCU),Marvel Comics,Bad,75,20,Male,347,Maximus Boltagon,95,15,Human,20,10
"M'baku (MCU)",Marvel Comics,Good,85,40,Male,348,"M'Baku",75,40,Human,30,15
Medusa (MCU),Marvel Comics,Good,85,50,Female,349,Medusalith Amaquelin,85,50,Inhuman,30,20
Melinda May (MCU),Marvel Comics,Good,100,20,Female,350,Melinda May,100,20,Human,20,10
Mera (New 52),DC Comics,Good,100,90,Female,351,Mera,95,100,Atlantean,90,90
Mera,DC Comics,Good,80,60,Female,352,Mera,80,90,Atlantean,80,60
Metallo,DC Comics,Bad,65,95,Male,353,John Corben,90,85,Android,25,55
Michael Demiurgos,DC Comics,Neutral,100,100,Male,354,Michael Demiurgos,100,100,God / Eternal,100,100
Might Guy,Shueisha,Good,100,95,Male,355,Might Guy,80,85,Human,80,100
Mirror Master (CW),DC Comics,Bad,75,35,Male,356,Sam Scudder,70,55,Metahuman,25,15
Mister Fantastic (FOX),Marvel Comics,Good,65,55,Male,357,Reed Richards,100,80,Human / Radiation,35,20
Mister Fantastic,Marvel Comics,Good,65,85,Male,358,Reed Richards,100,40,Human / Radiation,25,10
Mister Freeze,DC Comics,Bad,30,70,Male,359,Victor Fries,90,40,Human,10,30
Mister Miracle,DC Comics,Good,80,85,Male,360,Scott Free,95,100,God / Eternal,90,85
Mister Mxyzptlk,DC Comics,Bad,50,100,Male,361,Mr. Mxyzptlk,100,100,God / Eternal,100,100
Mister Sinister,Marvel Comics,Bad,50,90,Male,362,Nathaniel Essex,100,100,Human / Altered,45,50
Mister Terrific (CW),DC Comics,Good,80,35,Male,363,Curtis Holt,100,50,Human,40,15
Misty Knight (MCU),Marvel Comics,Good,90,35,Female,364,Mercedes Kelly,90,50,Human,35,30
Misty Knight,Marvel Comics,Good,75,45,Female,365,"Mercedes 'Misty' Knight",75,65,Cyborg,25,60
Mockingbird (MCU),Marvel Comics,Good,100,55,Female,366,Barbara Morse,100,50,Human,55,10
Mockingbird,Marvel Comics,Good,95,20,Female,367,Barbara Morse,90,50,Human,40,30
Mongul The Elder,DC Comics,Bad,100,100,Male,368,Mongul,90,100,Alien,60,100
Moon Knight,Marvel Comics,Good,75,40,Male,369,Marc Spector,75,30,Human,25,35
Mr Incredible,Dark Horse Comics,Good,40,95,Male,370,Robert Parr,75,30,Human,35,85
Mysterio,Marvel Comics,Bad,70,40,Male,371,Quentin Beck,90,80,Human,15,10
Mystique (FOX),Marvel Comics,Bad,100,50,Female,372,Raven Darkhölme,95,95,Mutant,50,25
Mystique,Marvel Comics,Bad,90,50,Female,373,Raven Darkholme,85,75,Mutant,50,20
Nagato Uzumaki,Shueisha,Neutral,70,80,Male,374,Nagato Uzumaki,70,100,Human,50,55
Namor,Marvel Comics,Good,85,70,Male,375,Namor McKenzie,85,75,Atlantean,60,95
Naruto Uzumaki,Shueisha,Good,100,100,Male,376,Uzumaki Naruto,70,100,Human,100,100
Nebula (MCU),Marvel Comics,Neutral,100,55,Female,377,Nebula,85,100,Titanian,50,20
Negasonic Teenage Warhead (FOX,Marvel Comics,Good,55,15,Female,378,Ellie Phimister,80,55,Mutant,25,10
Negasonic Teenage Warhead,Marvel Comics,Good,35,10,Female,379,Ellie Phimister,75,45,Mutant,10,5
Neji,Shueisha,Good,100,35,Male,380,Neji Hyuga,90,65,Human,60,10
Nekron,DC Comics,Bad,100,95,Male,381,Nekron,90,100,God / Eternal,75,100
Nick Fury (MCU),Marvel Comics,Good,85,45,Male,382,Nicholas Fury,95,35,Human,30,15
Nick Fury,Marvel Comics,Good,100,40,Male,383,Nicholas Joseph Fury,90,25,Human,25,10
Nightcrawler (FOX),Marvel Comics,Good,85,20,Male,384,Kurt Wagner,70,75,Mutant,60,10
Nightshade,DC Comics,Neutral,65,65,Female,385,Eve Eden,85,100,Human,35,10
Nightwing (Arkham),DC Comics,Good,95,45,Male,386,Dick Grayson,90,50,Human,80,20
Nite Owl II,DC Comics,Good,80,40,Male,387,Daniel Dreiberg,85,60,Human,40,25
Nite Owl,DC Comics,Good,90,45,Male,388,Hollis Mason,85,45,Human,35,25
Nobu (MCU),Marvel Comics,Bad,100,50,Male,389,Nobu Yoshioka,80,60,Human,50,15
Nomad (MCU),Marvel Comics,Good,100,65,Male,390,Steve Rogers,90,65,Human,60,35
Nya (The LEGO Ninjago Movie),Lego,Good,70,15,Male,391,Nya,95,80,Human,20,10
Obito Uchiha,Shueisha,Bad,100,100,Male,392,Uchiha Obito,85,100,Human,90,100
Ocean Master,DC Comics,Bad,80,75,Male,393,Orm Curry Marius,90,100,Atlantean,70,75
Old Man Logan (FOX),Marvel Comics,Good,95,75,Male,394,James Howlett,85,75,Mutant,35,30
Omega,Marvel Comics,Bad,90,85,Male,395,The Omega,80,100,Demon,80,100
One Punch Man,Shueisha,Good,65,100,Male,396,Saitama,60,65,Human,95,100
Onslaught,Marvel Comics,Bad,75,100,Male,397,Onslaught,95,100,Mutant,85,100
Owlman,DC Comics,Bad,95,50,Male,398,Thomas Wayne Jr.,100,55,Human,30,15
Pandora,DC Comics,Neutral,100,80,Female,399,Pandora,95,100,Human,60,10
Peggy Carter (MCU),Marvel Comics,Good,95,40,Female,400,Margaret Carter,95,35,Human,35,10
Penguin,DC Comics,Bad,45,35,Male,401,Oswald Cobblepot,95,45,Human,15,10
Pied Piper (CW),DC Comics,Good,65,15,Male,402,Hartley Rathaway,100,55,Metahuman,20,10
Plantman,Marvel Comics,Bad,25,55,Male,403,Samuel Smithers,80,60,Mutant,25,60
Plastic Man,DC Comics,Good,55,100,Male,404,"Patrick O'Brian",75,100,Human,25,65
Poison Ivy (Arkham),DC Comics,Bad,75,70,Female,405,Pamela Isley,95,100,Human,55,15
Poison Ivy,DC Comics,Bad,70,70,Female,406,Pamela Isley,90,100,Human,30,15
Polaris (Fox),Marvel Comics,Good,70,25,Female,407,Lorna Dane,80,100,Mutant,30,10
Polaris,Marvel Comics,Good,45,50,Female,408,Lorna Dane,80,100,Mutant,40,75
Power Girl (New 52),DC Comics,Good,80,100,Female,409,Kara Zor-L,95,75,Kryptonian,90,100
Power Girl,DC Comics,Good,75,100,Female,410,Kara Zor-L,95,100,Kryptonian,100,100
Predator,Dark Horse Comics,Bad,90,85,Male,411,Yautja,80,100,Yautja,25,30
Professor Dumbledore,J. K. Rowling,Good,90,65,Male,412,Albus Dumbledore,100,100,Human,65,5
Professor X (FOX),Marvel Comics,Good,60,15,Male,413,Charles Francis Xavier,100,100,Mutant,10,10
Professor Zoom,DC Comics,Bad,20,20,Male,414,Eobard Thawne,95,85,Human,100,10
Prometheus (CW),DC Comics,Bad,100,50,Male,415,Adrian Chase,100,50,Human,45,15
Proxima Midnight (MCU),Marvel Comics,Bad,95,65,Female,416,Proxima Midnight,75,70,Alien,65,55
Psylocke,Marvel Comics,Good,90,40,Female,417,Elizabeth Braddock,80,100,Mutant,25,35
Punisher,Marvel Comics,Good,100,45,Male,418,Frank Castle,85,40,Human,20,15
Purple Man,Marvel Comics,Bad,10,30,Male,419,Zebediah Killgrave,80,90,Human,10,10
Pyro (FOX),Marvel Comics,Bad,30,15,Male,420,St. John Allerdyce,75,45,Mutant,15,10
Question,DC Comics,Good,85,35,Male,421,Charles Szasz,95,25,Human,25,10
Quicksilver,Marvel Comics,Good,55,60,Male,422,Pietro Django Maximoff,80,80,Mutant,100,30
Ragman (CW),DC Comics,Good,70,90,Male,423,Rory Regan,75,75,Human,35,30
"Ra's Al Ghul (CW)",DC Comics,Bad,100,50,Male,424,Unknown,90,60,Human,50,20
"Ra's Al Ghul",DC Comics,Bad,100,40,Male,425,"Ra's Al Ghul",100,25,Human,30,30
Raven (Titans),DC Comics,Good,50,30,Female,426,Rachel Roth,70,100,Human,30,10
Ray,Lego,Good,100,30,Male,427,Ray,90,85,Human,25,15
Red Arrow,DC Comics,Good,80,20,Male,428,Roy Harper,80,25,Human,25,15
Red Hood (New 52),DC Comics,Neutral,100,45,Male,429,Jason Todd,90,40,Human,30,15
Red Hulk (Ghost Rider) (Venom),Marvel Comics,Neutral,75,100,Male,430,Thaddeus Ross,75,100,Human / Radiation,100,100
Red Hulk,Marvel Comics,Neutral,75,85,Male,431,Thaddeus E. Ross,75,80,Human / Radiation,45,100
Red Skull (MCU),Marvel Comics,Bad,65,40,Male,432,Johann Shmidt,95,95,Human,40,45
Rey,George Lucas,Good,70,25,Female,433,Rey,65,100,Human,25,35
Rhino,Marvel Comics,Bad,85,90,Male,434,Aleksei Mikhailovich Sytsevich,65,35,Human / Radiation,45,80
Rick Sanchez,Cartoon Network,Neutral,80,55,Male,435,Rick Sanchez,100,100,Human,20,10
Riot (SONY),Marvel Comics,Bad,85,90,Male,436,Carlton Drake,80,100,Symbiote,60,70
Robin II,DC Comics,Good,85,30,Male,437,Jason Todd,90,30,Human,25,10
Robin (Titans),DC Comics,Good,100,45,Male,438,Jason Todd,80,40,Human,45,10
Robin V,DC Comics,Good,65,15,Male,439,Damian Wayne,85,30,Human,35,10
Robin VI,DC Comics,Neutral,70,20,Female,440,Carrie Kelley,75,15,Human,25,10
Robin,DC Comics,Good,85,30,Male,441,Dick Grayson,95,30,Human,25,10
Rock Lee,Shueisha,Good,100,70,Male,442,Rock Lee,70,75,Human,50,90
Rocket Raccoon (MCU),Marvel Comics,Good,80,45,Male,443,Rocket Raccoon,95,45,Animal,60,15
Rocket Raccoon,Marvel Comics,Good,65,30,Male,444,Rocket Raccoon,75,30,Animal,25,5
Rogue (FOX),Marvel Comics,Good,85,45,Female,445,Anna Marie,90,90,Mutant,45,20
Ronin (MCU),Marvel Comics,Good,95,40,Male,446,Clint Barton,90,45,Human,40,15
Ronin (Ninjago),Lego,Neutral,100,15,Male,447,Ronin,100,75,Human,20,10
Rorschach,DC Comics,Good,80,20,Male,448,Walter Joseph Kovacs,90,25,Human,30,10
Sabretooth (FOX),Marvel Comics,Bad,90,90,Male,449,Victor Creed,80,100,Mutant,65,70
Sabretooth,Marvel Comics,Bad,100,90,Male,450,Victor Creed,80,50,Mutant,40,50
Sakura Haruno,Shueisha,Good,100,75,Female,451,Haruno Sakura,70,100,Human,100,100
Sandman (SONY),Marvel Comics,Neutral,70,95,Male,452,Flint Marko,70,100,Metahuman,70,75
Sandman,DC Comics,Good,95,45,Male,453,Wesley Dodds,90,65,Metahuman,35,40
Sasuke Uchiha,Shueisha,Good,100,100,Male,454,Uchiha Sasuke,75,100,Human,100,100
Saturn Girl (CW),DC Comics,Good,75,40,Female,455,Imra Ardeen,80,90,Titanian,30,35
Scarlet Spider II,Marvel Comics,Good,55,40,Male,456,Kaine Parker,95,35,Clone,60,55
Sebastian Shaw (FOX),Marvel Comics,Bad,50,90,Male,457,Sebastian Hiram Shaw,100,85,Mutant,25,75
Selene,IDW Publishing,Good,85,75,Female,458,Selene,75,100,Vampire,65,85
Sentry,Marvel Comics,Good,45,100,Male,459,Robert Reynolds,90,100,Human,100,100
Shades (MCU),Marvel Comics,Bad,85,40,Male,460,Herman Enrique Salazar Alvarez,90,35,Human,30,20
Shadowcat (FOX),Marvel Comics,Good,90,55,Male,461,Katherine Anne Pryde,100,45,Mutant,45,20
Shadowcat,Marvel Comics,Good,70,25,Female,462,Kitty Pryde,95,70,Mutant,20,10
Shang-Chi,Marvel Comics,Good,100,50,Male,463,Shang-Chi,80,30,Human,30,10
Shao Kahn,Mortal Kombat,Bad,95,75,Male,464,Shao Kahn,50,100,God / Eternal,75,50
Sharon Carter,Marvel Comics,Good,60,40,Female,465,Sharon Carter,95,55,Human,20,10
Shazam,DC Comics,Good,75,95,Male,466,Billy Batson,95,100,Human,90,100
She-Hulk,Marvel Comics,Good,80,100,Female,467,Jennifer Walters,85,100,Human,80,100
Sherlock Holmes,Dark Horse Comics,Good,85,35,Male,468,Sherlock Holmes,100,75,Human,30,35
Shikamaru,Shueisha,Good,100,75,Male,469,Shikamaru Nara,100,85,Human,50,10
Shocker,Marvel Comics,Bad,55,70,Male,470,Herman Schultz,80,80,Human,25,10
Shuri (MCU),Marvel Comics,Good,95,100,Female,471,Shuri,90,40,Human,45,10
Sif (MCU),Marvel Comics,Good,90,85,Female,472,Sif,90,100,Asgardian,70,95
Sif,Marvel Comics,Good,70,80,Female,473,Sif,80,100,Asgardian,65,90
Silk,Marvel Comics,Good,65,70,Female,474,Cindy Moon,90,70,Human,70,50
Silver Banshee,DC Comics,Bad,70,75,Female,475,Siobhan McDougal,75,100,Human,75,15
Silver Samurai (FOX),Marvel Comics,Bad,85,80,Male,476,Ichirō Yashida,90,75,Human,30,60
Silver Surfer,Marvel Comics,Good,30,90,Male,477,Norrin Radd,80,100,Alien,100,100
Solomon Grundy,DC Comics,Bad,30,100,Male,478,Cyrus Gold,55,90,Zombie,15,95
Solomon Kane,Dark Horse Comics,Good,55,45,Male,479,Solomon Kane,70,50,Human,30,15
Space Ghost,DC Comics,Good,80,40,Male,480,Thaddeus Bach,70,95,Human,35,20
Spartan,DC Comics,Good,95,45,Male,481,John Diggle,85,50,Human,35,15
Spawn,Image Comics,Good,100,100,Male,482,Al Simmons,90,100,Demon,50,70
Speedy,DC Comics,Good,70,20,Female,483,Thea Queen,75,25,Human,35,5
Spider-Man (Black) (Raimi),Marvel Comics,Good,80,70,Male,484,Peter Benjamin Parker,90,70,Metahuman,65,55
Spider-Man Noir,Marvel Comics,Good,95,75,Male,485,Peter Parker,100,75,Human,70,55
Spider-Woman,Marvel Comics,Good,70,60,Female,486,Jessica Drew,80,70,Human,40,40
Spyke,Marvel Comics,Good,30,60,Male,487,Evan Daniels,75,50,Mutant,15,10
Star-Lord,Marvel Comics,Good,70,50,Male,488,Peter Quill,85,25,Human-Spartoi,35,20
Star Sapphire,DC Comics,Good,70,70,Female,489,Carol Ferris,90,100,Human,75,55
Starfire (Titans),DC Comics,Good,90,70,Female,490,"Koriand'r",90,75,Tamaranean,40,50
Starfire,DC Comics,Good,75,85,Female,491,"Koriand'r",80,100,Tamaranean,100,90
Stargirl,DC Comics,Good,70,90,Female,492,Courtney Whitmore,80,100,Human,50,80
Starling,DC Comics,Good,85,25,Female,493,Evelyn Crawford,85,20,Human,15,10
Steel Serpent (MCU),Marvel Comics,Bad,100,40,Male,494,Davos,70,45,Human,50,15
Steel,DC Comics,Good,65,90,Male,495,John Irons,90,65,Human,55,80
Stick (MCU),Marvel Comics,Neutral,100,40,Male,496,Unknown,85,50,Human,40,10
Storm (FOX),Marvel Comics,Good,70,45,Female,497,Ororo Munroe,75,100,Mutant,65,25
Strange Visitor Superman,DC Comics,Good,90,100,Male,498,Kal-El,90,100,Kryptonian,100,100
Sunspot,Marvel Comics,Good,70,25,Male,499,Roberto DaCosta,80,100,Mutant,35,65
Superboy-Prime,DC Comics,Bad,85,100,Male,500,Kal-El,95,100,Kryptonian,100,100
Supergirl (Injustice),DC Comics,Good,95,100,Female,501,Kara Zor-El,90,100,Kryptonian,100,100
Superman (2006),DC Comics,Good,75,100,Male,502,Kal-El,85,100,Kryptonian,100,100
Superman (Smallville),DC Comics,Good,85,100,Male,503,Kal-El,95,100,Kryptonian,100,100
Swamp Thing,DC Comics,Bad,55,100,Male,504,Alec Holland,95,100,God / Eternal,25,95
Swarm,Marvel Comics,Bad,35,90,Male,505,Fritz von Meyer,90,40,Mutant,50,20
T-X,Dark Horse Comics,Bad,80,85,Female,506,Cyberdyne Systems Series X Terminator,90,100,Cyborg,30,65
Taskmaster,Marvel Comics,Bad,100,20,Male,507,Tony Masters,90,65,Human,50,10
Thanos,Marvel Comics,Bad,100,100,Male,508,Thanos,100,100,Eternal,75,100
The Batman Of Zur-En-Arrh,DC Comics,Good,100,50,Male,509,Tlano,100,60,Human,45,30
The Boy,Dark Horse Comics,Good,85,10,Male,510,Number Five,85,100,Human / Altered,10,5
The Comedian,DC Comics,Neutral,80,10,Male,511,Edward Morgen Blake,80,10,Human,15,15
The Crow,Image Comics,Good,100,100,Male,512,Eric Draven,75,100,Human,50,30
The Executioner (MCU),Marvel Comics,Neutral,85,75,Male,513,Skurge,70,70,Asgardian,60,65
The Flash (CW),DC Comics,Good,65,70,Male,514,Jay Garrick,85,100,Metahuman,100,30
The Keeper,Marvel Comics,Good,75,100,Male,515,Norrin Radd,75,100,Alien,100,100
The Ray (CW),DC Comics,Good,75,100,Male,516,Ray Terrill,75,100,Metahuman,95,70
The Rival (CW),DC Comics,Bad,80,70,Male,517,Edward Clariss,75,100,Metahuman,95,30
The Scarecrow (Gotham),DC Comics,Bad,80,30,Male,518,Jonathan Crane,90,40,Human,35,10
The Shocker (MCU),Marvel Comics,Bad,60,70,Male,519,Herman Schultz,85,60,Human,25,10
The Thing (FOX),Marvel Comics,Good,95,90,Male,520,Ben Grimm,70,65,Human / Radiation,50,80
The Thinker (CW),DC Comics,Bad,50,30,Male,521,Clifford DeVoe,100,100,Metahuman,30,10
The Wasp,Marvel Comics,Good,40,50,Female,522,Janet van Dyne,80,30,Human,60,15
Thor Girl,Marvel Comics,Good,70,85,Female,523,Tarene,90,100,Asgardian,70,85
Thor (Odin Force),Marvel Comics,Good,100,100,Male,524,Thor Odinson,85,100,God / Eternal,100,100
Titania,Marvel Comics,Bad,90,95,Female,525,Mary McPherran,90,75,Mutant,90,80
Toad (FOX),Marvel Comics,Bad,80,55,Male,526,Mortimer Toynbee,80,65,Mutant,60,30
Toad,Marvel Comics,Neutral,30,55,Male,527,Mortimer Toynbee,75,70,Mutant,60,35
Toxin,Marvel Comics,Good,70,85,Male,528,Eddie Brock,90,95,Symbiote,40,80
Toymaster,DC Comics,Good,40,50,Male,529,Hiro Okamura,100,60,Human,20,10
Triton,Marvel Comics,Good,55,65,Male,530,Triton,80,35,Inhuman,50,65
Two-Face,DC Comics,Bad,70,15,Male,531,Harvey Dent,85,30,Human,15,10
Typhoid Mary (MCU),Marvel Comics,Neutral,100,35,Female,532,Mary Walker,90,45,Human,40,15
Ultimo,Marvel Comics,Bad,100,100,Male,533,Doomsday Device,50,100,Android,50,100
Valkyrie (MCU),Marvel Comics,Good,55,95,Female,534,Brunnhilde,90,95,Asgardian,85,95
Valkyrie,Marvel Comics,Good,90,80,Female,535,Brunnhilde,80,100,Asgardian,70,60
Venom III,Marvel Comics,Bad,55,90,Male,536,MacDonald Gargan,80,75,Symbiote,35,75
Venom,Marvel Comics,Bad,85,85,Male,537,Eddie Brock,90,85,Symbiote,65,55
Vibe (CW),DC Comics,Bad,65,40,Male,538,Cisco Ramon,100,80,Metahuman,45,10
Vibe,DC Comics,Good,30,30,Male,539,Cisco Ramon,75,100,Human,15,10
Vigilante (CW),DC Comics,Good,90,60,Male,540,Vincent Sobel,85,70,Metahuman,45,15
Vili,Marvel Comics,Good,100,85,Male,541,Vili,100,100,Asgardian,70,55
Violet Parr,Dark Horse Comics,Good,15,50,Female,542,Violet Parr,80,80,Human,15,10
Vision,Marvel Comics,Good,70,95,Male,543,Vision,100,100,Android,55,70
Vixen (CW),DC Comics,Good,95,55,Female,544,Amaya Jiwe,85,80,Human,65,50
Vixen II (CW),DC Comics,Good,80,60,Female,545,Mari,80,100,Human,70,50
Vixen,DC Comics,Good,25,50,Female,546,Mari McCabe,75,60,Human,50,40
Volstagg (MCU),Marvel Comics,Good,85,80,Male,547,Volstagg,70,75,Asgardian,55,60
Vulture (MCU),Marvel Comics,Bad,75,55,Male,548,Adrian Toomes,85,60,Human,60,45
Vulture,Marvel Comics,Bad,30,25,Male,549,Adrian Toomes,90,25,Human,40,20
Walrus,Marvel Comics,Bad,20,50,Male,550,Hubert Carpent,75,10,Human,10,30
War Machine,Marvel Comics,Good,85,100,Male,551,James Rhodes,80,100,Human,65,80
Warpath,Marvel Comics,Good,85,70,Male,552,James Proudstar,70,25,Mutant,45,70
Wesker,Capcom,Bad,100,50,Male,553,Albert Wesker,100,100,Human / Altered,50,50
White Canary (CW),DC Comics,Good,100,50,Female,554,Sara Lance,100,55,Human,100,20
White Wolf (MCU),Marvel Comics,Good,100,60,Male,555,James Buchanan Barnes,80,70,Human,60,50
Wild Dog (CW),DC Comics,Good,90,45,Male,556,Rene Ramirez,80,40,Human,35,15
William Stryker (FOX),Marvel Comics,Bad,70,25,Male,557,"William Stryker, Jr.",100,20,Human,15,15
Winter Soldier,Marvel Comics,Good,85,65,Male,558,Bucky Barnes,80,60,Human,35,30
Wonder Girl (Titans),DC Comics,Good,100,65,Female,559,Donna Troy,100,70,Amazon,65,95
Wonder Girl,DC Comics,Good,100,100,Female,560,Diana Prince,95,100,Demi-God,75,100
Wong (MCU),Marvel Comics,Good,70,45,Male,561,Wong,70,100,Human,40,60
World Breaker Hulk,Marvel Comics,Good,85,100,Male,562,Bruce Banner,85,100,Human / Radiation,85,100
X-23 (FOX),Marvel Comics,Good,80,85,Female,563,Laura Kinney,90,85,Mutant,70,65
X-23,Marvel Comics,Good,95,100,Female,564,Laura Kinney,90,55,Mutant / Clone,40,25
YellowJacket (MCU),Marvel Comics,Bad,70,70,Male,565,Darren Cross,95,70,Human,60,35
Yellowjacket,Marvel Comics,Good,15,30,Male,566,Hank Pym,95,10,Human,10,10
Yo-yo (MCU),Marvel Comics,Good,90,40,Female,567,Elena Rodriguez,80,60,Inhuman,100,35
Yoda,George Lucas,Good,90,25,Male,568,Yoda,95,100,"Yoda's species",35,50
Yukio (FOX),Marvel Comics,Good,100,30,Female,569,Yukio,80,45,Mutant,50,10
Zatanna,DC Comics,Good,55,30,Female,570,Zatanna Zatara,90,100,Human,25,10