id,Universe,Superhero,identity,gender,race,alignment,intelligence,strength,speed,durability,power,combat
1,Marvel Comics,A-Bomb,Richard Milhouse Jones,Male,Human,Good,80,100,80,100,100,80
2,Dark Horse Comics,Abe Sapien,Abraham Sapien,Male,Icthyo Sapien,Good,95,30,35,65,100,85
3,Marvel Comics,Abomination,Emil Blonsky,Male,Human / Radiation,Bad,85,100,80,90,100,95
4,DC Comics,Abra Kadabra (CW),Unknown,Male,Human,Bad,100,10,20,30,100,55
5,Marvel Comics,Abraxas,Abraxas,Male,Cosmic Entity,Bad,100,100,100,100,100,100
6,Marvel Comics,Absorbing Man (MCU),Carl Creel,Male,Human,Good,75,15,30,40,100,85
7,Marvel Comics,Absorbing Man,Carl Creel,Male,Human,Bad,70,80,25,100,100,65
8,DC Comics,Adam Strange,Adam Strange,Male,Human,Good,90,10,35,40,55,70
9,Marvel Comics,Agent 13 (MCU),Sharon Carter,Female,Human,Good,95,20,70,50,45,100
10,Marvel Comics,Agent Bob,Bob,Male,Human,Good,60,10,15,5,5,20
11,Marvel Comics,Agent Carter,Carter,Male,Human,Good,95,10,15,20,25,75
12,Marvel Comics,Agent Coulson (Destroyer Gun),Coulson,Male,Human,Good,100,10,10,10,60,50
13,Marvel Comics,Agent Coulson (MCU),Phillip J. Coulson,Male,Human,Good,95,10,25,30,40,75
14,Marvel Comics,Agent May (MCU),Melinda May,Female,Human,Good,95,10,25,25,30,60
15,Marvel Comics,Ajax,Francis,Male,Cyborg,Bad,80,50,35,80,35,55
16,Lego,Akita,Akita,Female,Human,Good,80,10,45,15,70,70
17,Wildstorm,Alex Mercer,Alexander J. Mercer,Male,Human,Bad,75,80,40,90,100,50
18,DC Comics,Alfred (DCEU),Alfred Pennyworth,Male,Human,Good,95,10,10,10,15,20
19,DC Comics,Alfred Pennyworth,Alfred Thaddeus Crane Pennyworth,Male,Human,Good,80,10,15,10,5,55
20,Dark Horse Comics,Alien,Xenomorph,Male,Xenomorph XX121,Bad,75,30,40,90,55,60
21,Dark Horse Comics,Alucard,Dracula,Male,Demon,Bad,80,70,100,85,100,80
22,Marvel Comics,Amadeus Cho,Amadeus Cho,Male,Human,Good,100,10,20,20,20,35
23,Marvel Comics,Angel Dust,Christina,Female,Mutant,Good,70,55,25,40,15,30
24,Marvel Comics,Angel Salvadore (FOX),Angel Salvadore,Female,Mutant,Bad,65,10,60,20,60,55
25,Dark Horse Comics,Angel,Liam,Male,Vampire,Good,90,30,60,90,100,75
26,DC Comics,Animal Man,Bernhard Baker,Male,Human,Good,80,50,45,85,75,80
27,Marvel Comics,Ant-Man II,Scott Lang,Male,Human,Good,90,20,15,40,55,30
28,Marvel Comics,Ant-Man (MCU),Hank Pym,Male,Human,Good,100,35,50,60,65,80
29,Marvel Comics,Ant-Man,Hank Pym,Male,Human,Good,100,20,25,30,30,30
30,DC Comics,Anti-Monitor,Mobius,Male,God / Eternal,Bad,95,100,50,100,100,90
31,DC Comics,Aqualad,Garth,Male,Atlantean,Good,80,45,40,75,90,60
32,DC Comics,Aquaman (Injustice),Arthur Curry,Male,Atlantean,Good,85,75,75,80,100,85
33,Marvel Comics,Ardina,Ardina,Female,Alien,Good,80,100,100,80,100,25
34,Marvel Comics,Arnim Zola (MCU),Arnim Zola,Male,Human,Bad,100,5,10,15,10,20
35,Ubisoft,Arno Victor Dorian,Arno Dorian,Male,Human / Altered,Good,85,10,40,45,90,100
36,Lego,Ash,Ash,Male,Human,Good,90,25,60,80,100,100
37,DC Comics,Atom (CW),Ray Palmer,Male,Human,Good,100,35,70,75,100,85
38,DC Comics,Atom II,Ray Palmer,Male,Human,Good,95,10,35,45,40,60
39,DC Comics,Atom Smasher (CW),Al Rothstein,Male,Metahuman,Bad,60,75,65,85,80,65
40,DC Comics,Atomica,Rhonda Pineda,Female,Human,Bad,80,10,30,20,40,70
41,Marvel Comics,Aurora,Jeanne-Marie Beaubier,Female,Mutant,Good,80,10,95,60,85,55
42,DC Comics,Azrael (Gotham),Theo Galavan,Male,Human,Bad,95,40,55,75,60,95
43,DC Comics,Aztar,Aztar,Male,Cosmic Entity,Good,100,100,100,100,100,80
44,DC Comics,Bane (Dark Knight),Unknown,Male,Human,Bad,95,30,25,60,65,90
45,Marvel Comics,Banshee,Sean Cassidy,Male,Human,Good,75,10,60,40,65,70
46,Marvel Comics,Baron Mordo (MCU),Karl Mordo,Male,Human,Bad,100,30,65,60,100,90
47,Marvel Comics,Baron Zemo (MCU),Helmut J. Zemo,Male,Human,Bad,100,30,50,50,30,100
48,Marvel Comics,Baron Zemo,Helmut Zemo,Male,Human,Bad,90,50,20,65,80,80
49,DC Comics,Batgirl III,Helena Rosa Bertinelli,Male,Human,Good,95,20,50,45,40,95
50,DC Comics,Batgirl (Injustice),Barbara Gordon,Female,Human,Good,100,15,45,50,50,100
51,DC Comics,Batgirl IV,Cassandra Cain,Female,Human,Good,85,10,25,55,45,100
52,DC Comics,Batman (Arkham),Bruce Wayne,Male,Human,Good,100,20,55,100,95,100
53,DC Comics,Batman (Burtonverse),Bruce Wayne,Male,Human,Good,90,15,25,40,40,90
54,DC Comics,Batman (GAM),Kirk Langstrom,Male,Vampire,Good,100,30,60,75,75,85
55,DC Comics,Batman II,Dick Grayson,Male,Human,Good,95,10,35,30,35,100
56,DC Comics,Batman (Injustice),Bruce Wayne,Male,Human,Good,100,25,45,55,55,100
57,Lego,Batman (LEGO),Bruce Wayne,Male,Human,Good,75,20,25,40,60,85
58,Marvel Comics,Batroc The Leaper (MCU),Georges Batroc,Male,Human,Bad,75,15,45,40,35,100
59,DC Comics,Battle-Suit Batman (DCEU),Bruce Wayne,Male,Human,Good,100,80,50,75,75,95
60,DC Comics,Batwoman V,Katherine Rebecca Kane,Female,Human,Good,90,10,30,25,25,80
61,DC Comics,Batwoman,Helena Wayne,Female,Human,Good,90,15,30,30,40,85
62,DC Comics,Beast Boy (Titans),Garfield Logan,Male,Human,Good,75,30,60,45,65,65
63,DC Comics,Beast Boy,Garfield Mark Logan,Male,Human,Good,75,30,50,70,80,40
64,Marvel Comics,Beetle,Abner Jenkins,Male,Human,Bad,95,30,50,50,55,65
65,Marvel Comics,Beta Ray Bill,Beta Ray Bill,Male,Leprechaun,Good,80,80,35,95,100,85
66,DC Comics,Big Barda,Barda Free,Female,New God,Bad,95,100,80,100,100,100
67,Marvel Comics,Bird-Man,Henry Hawk,Male,Human,Bad,0,0,0,0,5,0
68,DC Comics,Bird,Birdy Colossimo,Male,Human,Bad,90,10,15,10,15,80
69,Marvel Comics,Bishop (Fox),Lucas Bishop,Male,Mutant,Good,80,15,30,70,80,70
70,Marvel Comics,Bishop,Lucas Bishop,Male,Mutant,Good,80,15,25,75,100,65
71,DC Comics,Bizarro,Bizarro,Male,Bizarro,Neutral,70,95,100,100,100,85
72,Marvel Comics,Black Bolt (MCU),Blackagar Boltagon,Male,Inhuman,Good,85,30,30,50,75,85
73,Marvel Comics,Black Bolt,Blackagar Boltagon,Male,Inhuman,Good,90,65,100,85,100,55
74,DC Comics,Black Canary (CW),Laurel Lance,Female,Human,Good,85,10,85,35,65,85
75,DC Comics,Black Canary II (CW),Dinah Drake,Female,Human,Good,90,20,50,45,50,100
76,DC Comics,Black Canary (Injustice),Dinah Laurel Lance,Female,Metahuman,Good,95,20,50,45,50,100
77,DC Comics,Black Canary,Laurel Lance,Female,Metahuman,Good,80,10,35,20,50,80
78,Marvel Comics,Black Cat (PS4),Felicia Hardy,Female,Human,Neutral,80,10,65,30,45,80
79,Marvel Comics,Black Cat,Felicia Hardy,Female,Human,Good,90,15,35,10,25,70
80,Marvel Comics,Black Knight III,Dane Whitman,Male,Human,Good,80,10,10,70,45,70
81,DC Comics,Black Manta (DCEU),David Kane,Male,Human,Bad,85,45,55,55,75,85
82,Marvel Comics,Blade,Eric Brooks,Male,Vampire,Good,80,30,40,50,40,90
83,Marvel Comics,Blink,Clarice Ferguson,Female,Mutant,Good,75,10,20,30,75,65
84,Marvel Comics,Blob (FOX),Fred Dukes,Male,Mutant,Bad,80,30,30,85,45,50
85,Marvel Comics,Bloodaxe,Jackie Lukus,Female,Human,Bad,80,80,35,80,100,85
86,Marvel Comics,Bloodhawk,Lemuel Krug,Male,Mutant,Good,75,10,50,80,80,65
87,DC Comics,Blue Beetle II,Theodore Kord,Male,Human,Good,95,55,50,60,70,90
88,DC Comics,Blue Beetle (Injustice),Jaime Reyes,Male,Human,Good,75,35,90,85,100,70
89,Marvel Comics,Boom-Boom,Tabitha Smith,Female,Mutant,Good,70,10,10,40,55,65
90,Marvel Comics,Bor Burison,Bor Burison,Male,Asgardian,Neutral,75,100,100,100,100,100
91,DC Comics,Brainiac,Vril Dox,Male,Android,Bad,100,95,65,90,65,75
92,Marvel Comics,Brother Voodoo,Jericho Drumm,Male,Human,Good,95,15,55,60,90,85
93,Dark Horse Comics,Buffy,Buffy Anne Summers,Female,Human,Good,80,30,40,70,50,60
94,Marvel Comics,Bullseye,Lester,Male,Human,Bad,75,10,25,70,20,70
95,Hasbro,Bumblebee,Bumblebee,Male,Robot,Good,85,55,60,75,75,95
96,Marvel Comics,Buri,Buri,Male,Asgardian,Neutral,100,100,90,90,100,100
97,Marvel Comics,Bushmaster (MCU),John Mclver,Male,Human,Bad,85,55,60,70,65,95
98,Clive Barker,Butterball,Emery Schaub,Male,Human,Good,90,10,25,100,100,50
99,Marvel Comics,Cable (FOX),Nathan Summers,Male,Cyborg,Bad,65,55,80,60,100,70
100,Marvel Comics,Cable,Nathan Summers,Male,Mutant,Good,95,50,25,55,100,80
101,DC Comics,Captain Boomerang (CW),Digger Harkness,Male,Human,Bad,85,15,35,35,45,90
102,DC Comics,Captain Boomerang (DCEU),Digger Harkness,Male,Human,Bad,85,15,25,40,40,80
103,DC Comics,Captain Boomerang,George Harkness,Male,Human,Bad,60,15,40,40,40,80
104,Marvel Comics,Captain Britain,Brian Braddock,Male,Human,Good,90,75,50,60,30,80
105,South Park,Captain Hindsight,Jack Brolin,Male,Human,Good,65,10,85,30,10,20
106,Marvel Comics,Captain Mar-vell,Genis-Vell,Male,Kree,Good,85,95,90,90,100,85
107,DC Comics,Captain Metropolis,Nelson Gardner,Male,Human,Good,85,20,25,40,45,80
108,DC Comics,Catwoman (Injustice),Selina Kyle,Female,Human,Bad,95,10,50,45,50,100
109,DC Comics,Catwoman,Selina Kyle,Female,Human,Bad,85,10,25,30,45,85
110,Shueisha,Caulifla,Caulifla,Female,Saiyan,Neutral,80,100,100,100,100,100
111,Marvel Comics,Cerebra,Shakti Haddad,Female,Mutant,Good,0,0,0,0,5,0
112,Marvel Comics,Chamber,Jonothon Evan Starsmore,Male,Mutant,Good,75,10,20,80,55,65
113,Marvel Comics,Champion Of The Universe,Tryco Slatterus,Male,Elder,Neutral,50,100,75,100,100,100
114,DC Comics,Cheetah II,Deborah Domaine,Female,Human,Bad,70,20,40,20,40,60
115,DC Comics,Cheetah III,Barbara Minerva,Female,Human,Bad,95,100,90,80,80,95
116,DC Comics,Cheshire,Jade Nguyen,Female,Human,Bad,90,10,35,50,50,100
117,DC Comics,Citizen Steel (CW),Nate Heywood,Male,Metahuman,Good,95,90,35,100,70,80
118,Lego,Cole (The LEGO Ninjago Movie),Cole,Male,Human,Good,85,25,25,30,100,100
119,Marvel Comics,Collector,Taneleer Tivan,Male,Elder,Bad,95,50,30,60,100,75
120,Marvel Comics,Colossus,Peter Rasputin,Male,Mutant,Good,80,85,35,100,45,80
121,DC Comics,Connor Hawke,Connor Hawke,Male,Human,Good,90,10,35,40,55,95
122,Ubisoft,Connor Kenway,Ratonhnhaké:ton,Male,Human,Good,90,10,40,40,70,100
123,DC Comics,Constantine (CW),John Constantine,Male,Human,Good,95,10,25,30,100,70
124,Marvel Comics,Copycat,Vanessa Carlysle,Female,Mutant,Neutral,80,10,20,25,55,60
125,Marvel Comics,Corvus Glaive (MCU),Corvus Glaive,Male,Alien,Bad,70,65,65,70,65,90
126,Marvel Comics,Cosmo The Spacedog,Cosmo,Male,Animal,Good,90,15,30,45,100,55
127,Marvel Comics,Cottonmouth,Burchell Clemens,Male,Human,Bad,75,10,10,10,25,25
128,Marvel Comics,Crystal (MCU),Crystalia Amaquelin,Female,Inhuman,Good,85,10,25,20,80,80
129,Marvel Comics,Crystal,Crystallia Amaquelin,Female,Inhuman,Good,80,15,10,15,60,55
130,Marvel Comics,Cull Obsidian (MCU),Cull Obsidian,Male,Alien,Bad,60,90,60,85,85,95
131,Lego,Cyborg (Sonar Suit),Victor Stone,Male,Cyborg,Good,100,55,55,60,40,60
132,DC Comics,Cyborg Superman,Henry Henshaw,Male,Cyborg,Bad,90,95,90,100,100,80
133,DC Comics,Cyborg,Victor Stone,Male,Cyborg,Good,90,55,40,85,70,65
134,Marvel Comics,Cyclops (FOX),Scott Summers,Male,Mutant,Good,65,15,30,30,50,55
135,Marvel Comics,Cyclops,Scott Summers,Male,Mutant,Good,90,10,25,40,75,80
136,Marvel Comics,Daken,Akihiro,Male,Mutant,Bad,85,15,50,80,100,100
137,DC Comics,Dark Archer (CW),Malcolm Merlyn,Male,Human,Neutral,95,15,45,50,50,100
138,Marvel Comics,Darkhawk,Christopher Powell,Male,Human,Good,75,30,35,70,75,65
139,Universal Studios,Darkman,Peyton Westlake,Male,Human,Good,95,15,20,60,20,30
140,Marvel Comics,Darkstar,Laynia Petrovna,Female,Mutant,Good,70,10,35,40,80,65
141,George Lucas,Darth Maul,Maul,Male,Dathomirian Zabrak,Bad,85,50,35,45,100,100
142,George Lucas,Darth Nox,Remowa Alucard,Female,Human,Bad,85,30,100,30,100,100
143,Marvel Comics,Darwin (FOX),Armando Muñoz,Male,Mutant,Good,70,10,30,100,100,70
144,Dark Horse Comics,Dash,Dashiell Robert Parr,Male,Human,Good,65,10,90,60,20,30
145,Marvel Comics,Dazzler,Alison Blaire,Female,Mutant,Good,80,10,35,60,100,55
146,DC Comics,Deadshot (CW),Floyd Lawton,Male,Human,Neutral,85,15,40,40,40,90
147,DC Comics,Deadshot (New 52),Floyd Lawton,Male,Human,Bad,85,10,25,35,40,90
148,DC Comics,Death Of The Endless,Death,Female,Cosmic Entity,Neutral,100,100,100,100,100,50
149,Marvel Comics,Death Seed Archangel,Warren Worthington,Male,Mutant,Neutral,95,15,90,80,100,85
150,DC Comics,Deathstroke (Injustice),Slade Wilson,Male,Human,Neutral,90,30,35,70,100,100
151,DC Comics,Deathstroke (New 52),Slade Wilson,Male,Human / Altered,Neutral,90,35,45,60,70,100
152,DC Comics,Deathstroke,Slade Wilson,Male,Human,Neutral,100,30,35,65,100,100
153,Ubisoft,Desmond Miles,Desmond Miles,Male,Human,Good,85,10,30,40,95,90
154,DC Comics,Destruction Of The Endless,Destruction,Male,Cosmic Entity,Neutral,100,100,100,100,100,85
155,DC Comics,Detective Chimp,Bobo T. Chimpanzee,Male,Gorilla,Good,100,55,60,85,100,85
156,DC Comics,Devastator,Bruce Wayne,Male,Mutant,Bad,100,100,70,100,100,100
157,Shueisha,Devilman,Akira Fudo,Male,Demon,Good,90,100,100,100,100,90
158,Marvel Comics,Doc Green,Bruce Banner,Male,Human,Good,100,100,75,70,100,80
159,Marvel Comics,Doc Samson,Leonard Samson,Male,Human / Radiation,Good,90,80,35,80,35,70
160,DC Comics,Doctor Mid-Nite,Dr Charles Mcnider,Male,Human / Altered,Good,90,35,35,35,55,90
161,DC Comics,Doctor Occult,Unknown,Male,Human,Good,100,55,100,90,100,85
162,Marvel Comics,Doctor Octopus,Otto Octavius,Male,Human,Bad,95,50,35,40,55,65
163,Marvel Comics,Domino (FOX),Neena Thurman,Female,Mutant,Good,80,10,50,30,45,60
164,Marvel Comics,Domino,Neena Thurman,Female,Human,Good,80,10,25,30,50,75
165,DC Comics,Donna Troy,Donna Hinckley Stacey Troy,Female,Amazon,Good,90,90,60,90,75,85
166,DC Comics,Doomsday,Doomsday,Male,Alien,Bad,90,100,65,100,100,90
167,Marvel Comics,Dormammu,Dormammu,Male,Cosmic Entity,Bad,100,100,100,100,100,80
168,DC Comics,Dove (Titans),Dawn Granger,Female,Human,Good,85,10,45,40,40,95
169,DC Comics,Dr Manhattan,Jonathan Osterman,Male,Human / Cosmic,Good,100,100,40,100,100,45
170,Konami,Dracula,Vlad Tepes Dracula,Male,Vampire,Bad,100,100,100,100,100,75
171,Marvel Comics,Drax the Destroyer,Arthur Sampson Douglas,Male,Human / Altered,Good,80,80,25,85,45,65
172,Ubisoft,Edward Kenway,Edward Kenway,Male,Human,Good,90,10,40,40,70,100
173,DC Comics,El Diablo,Chato Santana,Male,Human,Neutral,60,20,30,80,100,70
174,Dark Horse Comics,Elastigirl,Helen Parr,Female,Human,Good,80,30,35,95,50,70
175,Marvel Comics,Electro (SONY),Max Dillon,Male,Metahuman,Bad,85,20,70,70,90,55
176,Marvel Comics,Electro,Maxwell Dillon,Male,Human,Bad,85,10,50,55,65,65
177,Marvel Comics,Elektra (Fox),Elektra Natchios,Female,Human,Neutral,90,20,50,45,50,70
178,Marvel Comics,Elektra,Elektra Natchios,Female,Human,Good,80,10,30,30,60,100
179,Marvel Comics,Emma Frost (FOX),Emma Grace Frost,Female,Mutant,Good,95,30,50,85,90,85
180,Marvel Comics,Emma Frost,Emma Frost,Female,Mutant,Neutral,85,30,70,100,100,55
181,Marvel Comics,Erik Killmonger,N'Jadaka,Male,Human,Bad,90,15,30,65,70,95
182,DC Comics,Etrigan,Jason Blood,Male,Demon,Neutral,75,85,15,100,100,50
183,Ubisoft,Evie Frye,Evie Frye,Female,Human,Good,90,10,45,30,70,100
184,Marvel Comics,Evil Deadpool,Wade Wilson,Male,Mutant,Bad,85,30,50,100,100,100
185,Marvel Comics,Evilhawk,Dargin Bokk ,Male,Alien,Bad,75,30,35,70,85,65
186,Marvel Comics,Exodus,Bennet du Paris ,Male,Mutant,Bad,80,80,30,30,100,70
187,Marvel Comics,Falcon,Sam Wilson,Male,Human,Good,70,15,50,30,20,65
188,Marvel Comics,Fandral (MCU),Fandral,Male,Asgardian,Good,75,55,70,70,65,95
189,DC Comics,Faora,Faora Hu-Ul,Female,Kryptonian,Bad,95,95,75,100,100,90
190,DC Comics,Felix Faust,Dekan Drache,Male,God / Eternal,Bad,85,10,20,65,100,75
191,Marvel Comics,Firestar,Angelica Jones,Female,Mutant,Good,75,10,55,55,70,30
192,DC Comics,Firestorm (CW),Ronald Raymond,Male,Metahuman,Good,85,35,80,70,100,65
193,DC Comics,Firestorm II (CW),Jefferson Jackson,Male,Metahuman,Good,80,35,80,70,100,75
194,DC Comics,Firestorm,Ronald Raymond,Male,Human,Good,70,80,60,80,100,40
195,DC Comics,Flash (CW),Barry Allen,Male,Metahuman,Good,85,35,100,75,100,85
196,DC Comics,Flash (Injustice),Barry Allen,Male,Metahuman,Good,90,30,100,95,100,45
197,DC Comics,Flash IV,Bartholomew Allen II,Male,Human,Good,80,10,100,30,100,50
198,DC Comics,Flash,Jay Garrick,Male,Human,Good,80,10,100,50,70,30
199,Marvel Comics,Franklin Richards,Franklin Richards,Male,Mutant,Good,90,80,15,100,100,50
200,Shueisha,Gaara,Gaara,Male,Human,Good,85,90,65,95,100,100
201,Marvel Comics,Gambit,Remy Etienne LeBeau,Male,Mutant,Good,80,10,25,30,60,85
202,Marvel Comics,Gamora,Gamora Zen Whoberi Ben Titan,Female,Zen-Whoberian,Good,90,85,40,85,55,100
203,J. R. R. Tolkien,Gandalf The White,Mithrandir,Male,Maiar,Good,100,10,65,80,100,100
204,J. R. R. Tolkien,Gandalf,Olórin,Male,Maiar,Good,95,10,60,70,100,100
205,Lego,General Vex,Vex,Male,Lego,Bad,70,30,50,10,20,10
206,DC Comics,General Zod,Dru-Zod,Male,Kryptonian,Bad,95,100,95,100,100,95
207,Marvel Comics,Ghost Rider II (MCU),Robbie Reyes,Male,Demon,Good,75,55,30,100,100,85
208,Marvel Comics,Gladiator,Kallark,Male,Strontian,Neutral,75,100,100,100,75,70
209,Lego,Golden Ninja,Lloyd Garmadon,Male,God / Eternal,Good,100,100,100,100,100,100
210,DC Comics,Gorilla Grodd (CW),Grodd,Male,Gorilla,Bad,90,65,65,80,100,85
211,Lego,GPL,GPL Tech,Female,Human,Bad,100,10,10,10,20,20
212,George Lucas,Grand Master Skywalker,Luke Skywalker,Male,Human,Good,80,30,100,30,100,90
213,Marvel Comics,Grant Ward (MCU),Grant Ward,Male,Human,Bad,90,10,15,20,25,40
214,Marvel Comics,Graviton (MCU),Glenn Talbot,Male,Metahuman,Bad,85,50,85,90,100,85
215,Marvel Comics,Gravity,Greg Willis,Male,Human,Good,75,30,35,40,70,30
216,DC Comics,Green Arrow (Injustice),Oliver Queen,Male,Human,Good,85,15,40,40,35,85
217,DC Comics,Green Arrow,Oliver Queen,Male,Human,Good,90,25,25,30,20,90
218,DC Comics,Green Lantern (Injustice),Hal Jordan,Male,Human,Good,90,65,85,85,100,85
219,DC Comics,Green Lantern (New 52),Alan Scott,Male,Human,Good,85,75,65,95,90,80
220,DC Comics,Grifter,Cole Cash,Male,Human,Neutral,75,15,50,80,100,95
221,Marvel Comics,Grim Reaper,Eric Williams,Male,Human,Bad,90,30,40,50,90,70
222,Marvel Comics,Groot,Groot,Male,Flora Colossus,Good,90,85,35,70,100,65
223,DC Comics,Gypsy (CW),Cynthia,Female,Metahuman,Good,80,15,45,40,80,85
224,DC Comics,Harley Quinn (Arkham),Harleen Quinzel,Female,Human,Bad,100,20,50,60,75,100
225,DC Comics,Harley Quinn (New 52),Harleen Quinzel,Female,Human,Neutral,100,20,50,65,65,100
226,DC Comics,Harley Quinn,Harleen Quinzel,Female,Human,Bad,95,10,35,65,55,80
227,DC Comics,Harrison Wells (CW),Harrison Wells,Male,Human,Good,100,10,25,20,15,70
228,Marvel Comics,Harry Osborn (Raimi Trilogy),Harold Osborn,Male,Human,Good,85,50,60,60,70,75
229,J. K. Rowling,Harry Potter,Harry James Potter,Male,Human,Good,90,5,20,10,100,50
230,Marvel Comics,Havok (FOX),Alexander Summers,Male,Mutant,Good,90,30,50,60,55,75
231,Marvel Comics,Havok,Alexander Summers,Male,Mutant,Good,80,10,25,60,70,45
232,DC Comics,Hawk (Titans),Hank Hall,Male,Human,Good,75,15,35,50,45,85
233,Marvel Comics,Hawkeye II,Katherine Elizabeth Bishop,Female,Human,Good,75,5,10,10,25,50
234,DC Comics,Hawkgirl (CW),Kendra Saunders,Female,Human,Good,80,30,55,100,80,75
235,DC Comics,Hawkman (CW),Carter Hall,Male,Human,Good,70,55,60,70,50,70
236,DC Comics,Heat Wave (CW),Mick Rory,Male,Human,Good,75,15,30,45,40,85
237,DC Comics,Heat Wave,Mick Rory,Male,Human,Bad,70,10,15,45,25,30
238,Marvel Comics,Heimdall (MCU),Heimdall,Male,Asgardian,Good,100,35,85,90,100,90
239,Dark Horse Comics,Hellboy (Injustice 2),Anung Un Rama,Male,Demon,Good,75,100,100,100,100,100
240,Dark Horse Comics,Hellboy,Anung Un Rama,Male,Demon,Good,75,55,50,100,100,100
241,Marvel Comics,Hellcat,Patricia Walker,Female,Human,Good,80,10,35,45,45,70
242,Marvel Comics,Hellfire (MCU),JT James,Male,Inhuman,Bad,75,10,20,25,55,75
243,DC Comics,Highfather,Izaya,Male,God / Eternal,Good,100,100,90,100,100,95
244,Marvel Comics,Hit-Monkey,Unknown,Male,Animal,Neutral,85,15,50,45,70,85
245,Marvel Comics,Hive (MCU),Unknown,Male,Inhuman,Bad,90,30,40,100,100,100
246,Marvel Comics,Hogun (MCU),Hogun,Male,Alien,Good,70,60,60,75,70,90
247,DC Comics,Hourman,Rex Tyler,Male,Metahuman,Good,85,80,65,70,85,80
248,Marvel Comics,Howard The Duck,Howard,Male,Animal,Good,90,10,40,40,100,90
249,DC Comics,Hugo Strange,Professor Hugo Strange,Male,Human,Bad,100,15,35,45,75,85
250,Marvel Comics,Hulk Earth-5901,Bruce Banner,Male,Human,Good,75,100,90,100,100,75
251,Marvel Comics,Hulk,Bruce Banner,Male,Human / Radiation,Good,60,100,85,100,100,85
252,Marvel Comics,Human Torch (FOX),Jonathan Storm,Male,Human / Radiation,Good,75,15,75,50,100,65
253,Marvel Comics,Human Torch II,Jim Hammond,Male,Android,Good,90,15,35,60,55,45
254,DC Comics,Huntress (CW),Helena Bertinelli,Female,Human,Good,90,10,45,30,20,100
255,DC Comics,Huntress (Injustice),Helena Rosa Bertinelli,Female,Human,Good,85,15,50,50,35,100
256,DC Comics,Hush,Thomas Elliot,Male,Human,Bad,95,10,25,40,25,80
257,Marvel Comics,Husk,Paige Elisabeth Guthrie,Female,Mutant,Good,80,65,35,80,50,65
258,Marvel Comics,Hybrid,Scott Washington,Male,Symbiote,Good,80,65,60,75,100,80
259,Marvel Comics,Iceman (FOX),Bobby Drake,Male,Mutant,Good,80,35,50,60,70,65
260,Marvel Comics,Iceman,Bobby Drake,Male,Mutant,Good,80,30,55,100,100,65
261,DC Comics,Icon,Arnus,Male,Alien,Good,95,100,100,100,100,90
262,Marvel Comics,Immortal Hulk,Bruce Banner,Male,Human / Radiation,Neutral,90,100,90,100,100,85
263,DC Comics,Imperiex,Imperiex,Male,God / Eternal,Bad,90,100,95,100,100,85
264,Marvel Comics,Incredible Hulk (Universal),Bruce Banner,Male,Human,Good,95,100,75,100,100,85
265,Marvel Comics,Ink,Eric Gitter,Male,Mutant,Good,70,30,15,40,75,50
266,Marvel Comics,Invisible Woman (FOX),Susan Storm,Female,Human / Radiation,Good,100,20,75,85,100,80
267,Marvel Comics,Iron Fist,Danny Rand,Male,Human,Good,90,55,35,50,95,100
268,Marvel Comics,Iron Monger (MCU),Obadiah Stane,Male,Human,Bad,100,65,70,70,55,80
269,Shueisha,Itachi Uchiha,Uchiha Itachi,Male,Human,Neutral,90,100,80,75,100,100
270,Dark Horse Comics,Jack-Jack,Jack-Jack Parr,Male,Human,Good,35,35,65,80,100,5
271,Marvel Comics,Jack of Hearts,Jonathan Hart,Male,Human,Good,80,55,100,30,75,30
272,Ubisoft,Jacob Frye,Jacob Frye,Male,Human,Good,90,10,40,35,65,100
273,Ian Fleming,James Bond (Craig),James Bond,Male,Human,Good,95,15,15,35,25,90
274,Marvel Comics,Jane Foster (MCU),Jane Foster,Female,Human,Good,100,10,15,10,15,40
275,Lego,Jay (The LEGO Ninjago Movie),Jay Gordon,Male,Human,Good,85,10,35,30,100,100
276,Marvel Comics,Jean Grey,Jean Grey,Female,Mutant,Good,95,80,20,20,95,70
277,Marvel Comics,Jemma Simmons (MCU),Jemma Anne Simmons,Female,Human,Good,100,10,20,20,10,70
278,DC Comics,Jesse Quick (CW),Jesse Wells,Female,Metahuman,Good,100,30,100,75,100,75
279,DC Comics,Jesse Quick,Jesse Chambers,Female,Human,Good,95,30,100,60,100,90
280,Marvel Comics,Jessica Jones,Jessica Campbell Jones Cage,Female,Human,Good,80,45,50,70,20,55
281,Marvel Comics,Jigsaw (MCU),Billy Russo,Male,Human,Bad,85,15,35,45,45,90
282,DC Comics,Joe Wilson (CW),Joe Wilson,Male,Human,Bad,85,15,40,40,35,95
283,Dark Horse Comics,Johann Krauss,Johann Krauss,Male,Energy,Good,85,20,70,60,100,50
284,Marvel Comics,John Pilgrim (MCU),Robert Pilgrim,Male,Human,Neutral,85,15,35,45,40,90
285,DC Comics,Joker,Jack Napier,Male,Human,Bad,100,10,10,60,45,70
286,DC Comics,Jonah Hex (CW),Jonah Hex,Male,Human,Good,85,15,30,35,40,80
287,Marvel Comics,Jubilee,Jubilation Lee,Female,Mutant,Good,80,10,20,20,65,90
288,Marvel Comics,Juggernaut (FOX),Cain Marko,Male,Mutant,Bad,65,50,70,85,100,85
289,Marvel Comics,Juggernaut,Cain Marko,Male,Human,Neutral,70,100,65,100,100,75
290,Marvel Comics,Justice,Vance Astrovik,Male,Human,Good,75,10,35,70,60,30
291,Marvel Comics,Justin Hammer,Justin Hammer,Male,Human,Bad,100,10,15,10,10,15
292,Marvel Comics,Kaecilius (MCU),Kaecilius,Male,Human,Bad,85,20,50,55,100,100
293,Shueisha,Kaguya Ōtsutsuki,Ōtsutsuki Kaguya,Female,God / Eternal,Bad,55,100,100,100,100,90
294,Lego,Kai (The LEGO Ninjago Movie),Kai,Male,Human,Good,85,10,60,55,85,100
295,Shueisha,Kale,Kale,Female,Saiyan,Neutral,85,100,100,100,100,100
296,DC Comics,Kanto,Iluthin,Male,New God,Bad,90,60,65,90,100,100
297,Marvel Comics,Karnak (MCU),Karnak Mander-Azur,Male,Inhuman,Good,95,15,45,55,55,100
298,DC Comics,Katana (DCEU),Tatsu Yamashiro,Female,Human,Good,70,10,50,40,55,100
299,DC Comics,Katana,Tatsu Yamashiro,Female,Human,Good,80,10,50,40,60,95
300,Shueisha,Kefla,Kale/Caulifla,Female,Saiyan,Neutral,85,100,100,100,100,100
301,Shueisha,Kenshiro,Kenshiro,Male,Human,Good,85,90,65,65,100,100
302,DC Comics,KGBeast,Anatoli Knyazev,Male,Cyborg,Bad,70,20,30,50,65,95
303,DC Comics,Kid Flash (CW),Wally West,Male,Metahuman,Good,70,40,90,65,90,70
304,DC Comics,Kid Flash II,Bartholomew Allen II,Male,Human,Good,90,30,100,60,100,75
305,Marvel Comics,Kilgrave (MCU),Kevin Thompson,Male,Human,Bad,80,10,15,20,80,40
306,DC Comics,Killer Croc (DCEU),Waylon Jones,Male,Metahuman,Bad,90,60,40,85,75,75
307,DC Comics,Killer Croc,Waylon Jones,Male,Metahuman,Bad,60,55,35,90,55,60
308,DC Comics,Killer Frost,Caitlin Snow,Female,Human,Bad,95,10,15,35,60,30
309,Marvel Comics,Killian (MCU),Aldrich Killian,Male,Metahuman,Bad,100,50,60,70,80,90
310,Marvel Comics,Killmonger (MCU),Erik Stevens,Male,Human,Bad,85,60,60,80,80,95
311,Marvel Comics,King Thanos,Thanos,Male,Titanian,Bad,100,100,80,100,100,95
312,Marvel Comics,Kingpin,Wilson Grant Fisk,Male,Human,Bad,90,20,25,40,15,70
313,Marvel Comics,Klaw (MCU),Ulysses Klaue,Male,Human,Bad,85,15,40,40,35,70
314,Marvel Comics,Klaw,Ulysses Klaw,Male,Human,Bad,80,40,35,100,60,60
315,Lego,Koko (The LEGO Ninjago Movie),Koko,Female,Human,Good,90,20,40,20,55,100
316,Marvel Comics,Kraven II,Alyosha Kravinoff,Male,Human,Bad,75,35,25,30,45,85
317,Marvel Comics,Kraven the Hunter,Sergei Kravinoff,Male,Human,Bad,80,30,35,40,25,85
318,DC Comics,Krypto,Krypto the Superdog,Male,Kryptonian,Good,55,80,100,90,80,40
319,Marvel Comics,Lady Bullseye,Maki Matsumotu,Female,Human,Bad,90,10,20,45,40,90
320,Marvel Comics,Lady Deadpool,Wanda Wilson,Female,Mutant,Neutral,50,15,60,100,100,100
321,Marvel Comics,Lady Deathstrike,Yuriko Oyama,Female,Cyborg,Bad,80,30,40,85,50,90
322,DC Comics,Lady Shiva,Sandra Wu-San,Female,Human,Neutral,90,10,35,30,40,100
323,Marvel Comics,Lance Hunter (MCU),Lance Hunter,Male,Human,Good,85,15,40,35,35,85
324,Marvel Comics,Laufey (MCU),Laufey,Male,Frost Giant,Bad,80,30,60,80,70,75
325,Marvel Comics,Lauren Strucker (Fox),Lauren Strucker,Female,Mutant,Good,75,10,20,15,85,55
326,Marvel Comics,Leo Fitz (MCU),Leopold Fitz,Male,Human,Good,100,10,25,25,20,80
327,DC Comics,Lex Luthor (DCEU),Alexander Joseph Luthor,Male,Human,Bad,100,10,15,20,20,50
328,DC Comics,Lex Luthor (Injustice),Alexander Luthor,Male,Human,Bad,100,55,25,65,90,70
329,DC Comics,Lex Luthor,Lex Luthor,Male,Human,Bad,100,55,25,65,70,70
330,Marvel Comics,Lightspeed,Julie Power,Female,Human,Good,90,10,100,55,80,100
331,DC Comics,Livewire,Leslie Willis,Female,Human,Good,85,60,90,95,70,85
332,Marvel Comics,Lizard,Curtis Connors,Male,Human,Bad,75,50,60,70,75,55
333,Lego,Lloyd (The LEGO Ninjago Movie),Lloyd Garmadon,Male,Human,Good,85,10,70,40,70,100
334,DC Comics,Lobo,Lobo,Male,Czarnian,Neutral,95,100,55,100,100,85
335,Marvel Comics,Lockjaw,Lockjaw,Male,Inhuman,Good,70,30,90,50,60,30
336,Marvel Comics,Luke Cage,Luke Cage,Male,Human,Good,75,65,30,95,45,70
337,George Lucas,Luke Skywalker,Luke Skywalker,Male,Human,Good,85,40,40,25,100,100
338,Marvel Comics,Luna,Luna Maximoff,Female,Human,Good,70,5,85,15,55,15
339,Shueisha,Madara Uchiha,Uchiha Madara,Male,Human,Bad,90,100,100,100,100,100
340,Marvel Comics,Maestro Hulk,Bruce Banner,Male,Human / Radiation,Bad,100,100,85,100,100,85
341,DC Comics,Man-Bat,Robert Kirkland Langstrom,Male,Human,Neutral,70,20,50,70,35,30
342,Marvel Comics,Mandarin,Khan,Male,Human,Bad,100,30,25,30,100,95
343,Marvel Comics,Maria Hill (MCU),Maria Hill,Female,Human,Good,90,20,20,25,25,70
344,Nintendo,Mario,Mario Mario,Male,Human,Good,75,100,100,100,100,55
345,DC Comics,Martian Manhunter,J'onn J'onzz,Male,Martian,Good,100,95,90,100,100,85
346,Microsoft,Master Chief,John-117,Male,Human / Altered,Good,90,75,35,80,70,100
347,Marvel Comics,Maximus (MCU),Maximus Boltagon,Male,Human,Bad,95,10,20,20,15,75
348,Marvel Comics,M'baku (MCU),M'Baku,Male,Human,Good,75,15,30,40,40,85
349,Marvel Comics,Medusa (MCU),Medusalith Amaquelin,Female,Inhuman,Good,85,20,30,50,50,85
350,Marvel Comics,Melinda May (MCU),Melinda May,Female,Human,Good,100,10,20,20,20,100
351,DC Comics,Mera (New 52),Mera,Female,Atlantean,Good,95,90,90,90,100,100
352,DC Comics,Mera,Mera,Female,Atlantean,Good,80,60,80,60,90,80
353,DC Comics,Metallo,John Corben,Male,Android,Bad,90,55,25,95,85,65
354,DC Comics,Michael Demiurgos,Michael Demiurgos,Male,God / Eternal,Neutral,100,100,100,100,100,100
355,Shueisha,Might Guy,Might Guy,Male,Human,Good,80,100,80,95,85,100
356,DC Comics,Mirror Master (CW),Sam Scudder,Male,Metahuman,Bad,70,15,25,35,55,75
357,Marvel Comics,Mister Fantastic (FOX),Reed Richards,Male,Human / Radiation,Good,100,20,35,55,80,65
358,Marvel Comics,Mister Fantastic,Reed Richards,Male,Human / Radiation,Good,100,10,25,85,40,65
359,DC Comics,Mister Freeze,Victor Fries,Male,Human,Bad,90,30,10,70,40,30
360,DC Comics,Mister Miracle,Scott Free,Male,God / Eternal,Good,95,85,90,85,100,80
361,DC Comics,Mister Mxyzptlk,Mr. Mxyzptlk,Male,God / Eternal,Bad,100,100,100,100,100,50
362,Marvel Comics,Mister Sinister,Nathaniel Essex,Male,Human / Altered,Bad,100,50,45,90,100,50
363,DC Comics,Mister Terrific (CW),Curtis Holt,Male,Human,Good,100,15,40,35,50,80
364,Marvel Comics,Misty Knight (MCU),Mercedes Kelly,Female,Human,Good,90,30,35,35,50,90
365,Marvel Comics,Misty Knight,Mercedes 'Misty' Knight,Female,Cyborg,Good,75,60,25,45,65,75
366,Marvel Comics,Mockingbird (MCU),Barbara Morse,Female,Human,Good,100,10,55,55,50,100
367,Marvel Comics,Mockingbird,Barbara Morse,Female,Human,Good,90,30,40,20,50,95
368,DC Comics,Mongul The Elder,Mongul,Male,Alien,Bad,90,100,60,100,100,100
369,Marvel Comics,Moon Knight,Marc Spector,Male,Human,Good,75,35,25,40,30,75
370,Dark Horse Comics,Mr Incredible,Robert Parr,Male,Human,Good,75,85,35,95,30,40
371,Marvel Comics,Mysterio,Quentin Beck,Male,Human,Bad,90,10,15,40,80,70
372,Marvel Comics,Mystique (FOX),Raven Darkhölme,Female,Mutant,Bad,95,25,50,50,95,100
373,Marvel Comics,Mystique,Raven Darkholme,Female,Mutant,Bad,85,20,50,50,75,90
374,Shueisha,Nagato Uzumaki,Nagato Uzumaki,Male,Human,Neutral,70,55,50,80,100,70
375,Marvel Comics,Namor,Namor McKenzie,Male,Atlantean,Good,85,95,60,70,75,85
376,Shueisha,Naruto Uzumaki,Uzumaki Naruto,Male,Human,Good,70,100,100,100,100,100
377,Marvel Comics,Nebula (MCU),Nebula,Female,Titanian,Neutral,85,20,50,55,100,100
378,Marvel Comics,Negasonic Teenage Warhead (FOX,Ellie Phimister,Female,Mutant,Good,80,10,25,15,55,55
379,Marvel Comics,Negasonic Teenage Warhead,Ellie Phimister,Female,Mutant,Good,75,5,10,10,45,35
380,Shueisha,Neji,Neji Hyuga,Male,Human,Good,90,10,60,35,65,100
381,DC Comics,Nekron,Nekron,Male,God / Eternal,Bad,90,100,75,95,100,100
382,Marvel Comics,Nick Fury (MCU),Nicholas Fury,Male,Human,Good,95,15,30,45,35,85
383,Marvel Comics,Nick Fury,Nicholas Joseph Fury,Male,Human,Good,90,10,25,40,25,100
384,Marvel Comics,Nightcrawler (FOX),Kurt Wagner,Male,Mutant,Good,70,10,60,20,75,85
385,DC Comics,Nightshade,Eve Eden,Female,Human,Neutral,85,10,35,65,100,65
386,DC Comics,Nightwing (Arkham),Dick Grayson,Male,Human,Good,90,20,80,45,50,95
387,DC Comics,Nite Owl II,Daniel Dreiberg,Male,Human,Good,85,25,40,40,60,80
388,DC Comics,Nite Owl,Hollis Mason,Male,Human,Good,85,25,35,45,45,90
389,Marvel Comics,Nobu (MCU),Nobu Yoshioka,Male,Human,Bad,80,15,50,50,60,100
390,Marvel Comics,Nomad (MCU),Steve Rogers,Male,Human,Good,90,35,60,65,65,100
391,Lego,Nya (The LEGO Ninjago Movie),Nya,Male,Human,Good,95,10,20,15,80,70
392,Shueisha,Obito Uchiha,Uchiha Obito,Male,Human,Bad,85,100,90,100,100,100
393,DC Comics,Ocean Master,Orm Curry Marius,Male,Atlantean,Bad,90,75,70,75,100,80
394,Marvel Comics,Old Man Logan (FOX),James Howlett,Male,Mutant,Good,85,30,35,75,75,95
395,Marvel Comics,Omega,The Omega,Male,Demon,Bad,80,100,80,85,100,90
396,Shueisha,One Punch Man,Saitama,Male,Human,Good,60,100,95,100,65,65
397,Marvel Comics,Onslaught,Onslaught,Male,Mutant,Bad,95,100,85,100,100,75
398,DC Comics,Owlman,Thomas Wayne Jr.,Male,Human,Bad,100,15,30,50,55,95
399,DC Comics,Pandora,Pandora,Female,Human,Neutral,95,10,60,80,100,100
400,Marvel Comics,Peggy Carter (MCU),Margaret Carter,Female,Human,Good,95,10,35,40,35,95
401,DC Comics,Penguin,Oswald Cobblepot,Male,Human,Bad,95,10,15,35,45,45
402,DC Comics,Pied Piper (CW),Hartley Rathaway,Male,Metahuman,Good,100,10,20,15,55,65
403,Marvel Comics,Plantman,Samuel Smithers,Male,Mutant,Bad,80,60,25,55,60,25
404,DC Comics,Plastic Man,Patrick O'Brian,Male,Human,Good,75,65,25,100,100,55
405,DC Comics,Poison Ivy (Arkham),Pamela Isley,Female,Human,Bad,95,15,55,70,100,75
406,DC Comics,Poison Ivy,Pamela Isley,Female,Human,Bad,90,15,30,70,100,70
407,Marvel Comics,Polaris (Fox),Lorna Dane,Female,Mutant,Good,80,10,30,25,100,70
408,Marvel Comics,Polaris,Lorna Dane,Female,Mutant,Good,80,75,40,50,100,45
409,DC Comics,Power Girl (New 52),Kara Zor-L,Female,Kryptonian,Good,95,100,90,100,75,80
410,DC Comics,Power Girl,Kara Zor-L,Female,Kryptonian,Good,95,100,100,100,100,75
411,Dark Horse Comics,Predator,Yautja,Male,Yautja,Bad,80,30,25,85,100,90
412,J. K. Rowling,Professor Dumbledore,Albus Dumbledore,Male,Human,Good,100,5,65,65,100,90
413,Marvel Comics,Professor X (FOX),Charles Francis Xavier,Male,Mutant,Good,100,10,10,15,100,60
414,DC Comics,Professor Zoom,Eobard Thawne,Male,Human,Bad,95,10,100,20,85,20
415,DC Comics,Prometheus (CW),Adrian Chase,Male,Human,Bad,100,15,45,50,50,100
416,Marvel Comics,Proxima Midnight (MCU),Proxima Midnight,Female,Alien,Bad,75,55,65,65,70,95
417,Marvel Comics,Psylocke,Elizabeth Braddock,Female,Mutant,Good,80,35,25,40,100,90
418,Marvel Comics,Punisher,Frank Castle,Male,Human,Good,85,15,20,45,40,100
419,Marvel Comics,Purple Man,Zebediah Killgrave,Male,Human,Bad,80,10,10,30,90,10
420,Marvel Comics,Pyro (FOX),St. John Allerdyce,Male,Mutant,Bad,75,10,15,15,45,30
421,DC Comics,Question,Charles Szasz,Male,Human,Good,95,10,25,35,25,85
422,Marvel Comics,Quicksilver,Pietro Django Maximoff,Male,Mutant,Good,80,30,100,60,80,55
423,DC Comics,Ragman (CW),Rory Regan,Male,Human,Good,75,30,35,90,75,70
424,DC Comics,Ra's Al Ghul (CW),Unknown,Male,Human,Bad,90,20,50,50,60,100
425,DC Comics,Ra's Al Ghul,Ra's Al Ghul,Male,Human,Bad,100,30,30,40,25,100
426,DC Comics,Raven (Titans),Rachel Roth,Female,Human,Good,70,10,30,30,100,50
427,Lego,Ray,Ray,Male,Human,Good,90,15,25,30,85,100
428,DC Comics,Red Arrow,Roy Harper,Male,Human,Good,80,15,25,20,25,80
429,DC Comics,Red Hood (New 52),Jason Todd,Male,Human,Neutral,90,15,30,45,40,100
430,Marvel Comics,Red Hulk (Ghost Rider) (Venom),Thaddeus Ross,Male,Human / Radiation,Neutral,75,100,100,100,100,75
431,Marvel Comics,Red Hulk,Thaddeus E. Ross,Male,Human / Radiation,Neutral,75,100,45,85,80,75
432,Marvel Comics,Red Skull (MCU),Johann Shmidt,Male,Human,Bad,95,45,40,40,95,65
433,George Lucas,Rey,Rey,Female,Human,Good,65,35,25,25,100,70
434,Marvel Comics,Rhino,Aleksei Mikhailovich Sytsevich,Male,Human / Radiation,Bad,65,80,45,90,35,85
435,Cartoon Network,Rick Sanchez,Rick Sanchez,Male,Human,Neutral,100,10,20,55,100,80
436,Marvel Comics,Riot (SONY),Carlton Drake,Male,Symbiote,Bad,80,70,60,90,100,85
437,DC Comics,Robin II,Jason Todd,Male,Human,Good,90,10,25,30,30,85
438,DC Comics,Robin (Titans),Jason Todd,Male,Human,Good,80,10,45,45,40,100
439,DC Comics,Robin V,Damian Wayne,Male,Human,Good,85,10,35,15,30,65
440,DC Comics,Robin VI,Carrie Kelley,Female,Human,Neutral,75,10,25,20,15,70
441,DC Comics,Robin,Dick Grayson,Male,Human,Good,95,10,25,30,30,85
442,Shueisha,Rock Lee,Rock Lee,Male,Human,Good,70,90,50,70,75,100
443,Marvel Comics,Rocket Raccoon (MCU),Rocket Raccoon,Male,Animal,Good,95,15,60,45,45,80
444,Marvel Comics,Rocket Raccoon,Rocket Raccoon,Male,Animal,Good,75,5,25,30,30,65
445,Marvel Comics,Rogue (FOX),Anna Marie,Female,Mutant,Good,90,20,45,45,90,85
446,Marvel Comics,Ronin (MCU),Clint Barton,Male,Human,Good,90,15,40,40,45,95
447,Lego,Ronin (Ninjago),Ronin,Male,Human,Neutral,100,10,20,15,75,100
448,DC Comics,Rorschach,Walter Joseph Kovacs,Male,Human,Good,90,10,30,20,25,80
449,Marvel Comics,Sabretooth (FOX),Victor Creed,Male,Mutant,Bad,80,70,65,90,100,90
450,Marvel Comics,Sabretooth,Victor Creed,Male,Mutant,Bad,80,50,40,90,50,100
451,Shueisha,Sakura Haruno,Haruno Sakura,Female,Human,Good,70,100,100,75,100,100
452,Marvel Comics,Sandman (SONY),Flint Marko,Male,Metahuman,Neutral,70,75,70,95,100,70
453,DC Comics,Sandman,Wesley Dodds,Male,Metahuman,Good,90,40,35,45,65,95
454,Shueisha,Sasuke Uchiha,Uchiha Sasuke,Male,Human,Good,75,100,100,100,100,100
455,DC Comics,Saturn Girl (CW),Imra Ardeen,Female,Titanian,Good,80,35,30,40,90,75
456,Marvel Comics,Scarlet Spider II,Kaine Parker,Male,Clone,Good,95,55,60,40,35,55
457,Marvel Comics,Sebastian Shaw (FOX),Sebastian Hiram Shaw,Male,Mutant,Bad,100,75,25,90,85,50
458,IDW Publishing,Selene,Selene,Female,Vampire,Good,75,85,65,75,100,85
459,Marvel Comics,Sentry,Robert Reynolds,Male,Human,Good,90,100,100,100,100,45
460,Marvel Comics,Shades (MCU),Herman Enrique Salazar Alvarez,Male,Human,Bad,90,20,30,40,35,85
461,Marvel Comics,Shadowcat (FOX),Katherine Anne Pryde,Male,Mutant,Good,100,20,45,55,45,90
462,Marvel Comics,Shadowcat,Kitty Pryde,Female,Mutant,Good,95,10,20,25,70,70
463,Marvel Comics,Shang-Chi,Shang-Chi,Male,Human,Good,80,10,30,50,30,100
464,Mortal Kombat,Shao Kahn,Shao Kahn,Male,God / Eternal,Bad,50,50,75,75,100,95
465,Marvel Comics,Sharon Carter,Sharon Carter,Female,Human,Good,95,10,20,40,55,60
466,DC Comics,Shazam,Billy Batson,Male,Human,Good,95,100,90,95,100,75
467,Marvel Comics,She-Hulk,Jennifer Walters,Female,Human,Good,85,100,80,100,100,80
468,Dark Horse Comics,Sherlock Holmes,Sherlock Holmes,Male,Human,Good,100,35,30,35,75,85
469,Shueisha,Shikamaru,Shikamaru Nara,Male,Human,Good,100,10,50,75,85,100
470,Marvel Comics,Shocker,Herman Schultz,Male,Human,Bad,80,10,25,70,80,55
471,Marvel Comics,Shuri (MCU),Shuri,Female,Human,Good,90,10,45,100,40,95
472,Marvel Comics,Sif (MCU),Sif,Female,Asgardian,Good,90,95,70,85,100,90
473,Marvel Comics,Sif,Sif,Female,Asgardian,Good,80,90,65,80,100,70
474,Marvel Comics,Silk,Cindy Moon,Female,Human,Good,90,50,70,70,70,65
475,DC Comics,Silver Banshee,Siobhan McDougal,Female,Human,Bad,75,15,75,75,100,70
476,Marvel Comics,Silver Samurai (FOX),Ichirō Yashida,Male,Human,Bad,90,60,30,80,75,85
477,Marvel Comics,Silver Surfer,Norrin Radd,Male,Alien,Good,80,100,100,90,100,30
478,DC Comics,Solomon Grundy,Cyrus Gold,Male,Zombie,Bad,55,95,15,100,90,30
479,Dark Horse Comics,Solomon Kane,Solomon Kane,Male,Human,Good,70,15,30,45,50,55
480,DC Comics,Space Ghost,Thaddeus Bach,Male,Human,Good,70,20,35,40,95,80
481,DC Comics,Spartan,John Diggle,Male,Human,Good,85,15,35,45,50,95
482,Image Comics,Spawn,Al Simmons,Male,Demon,Good,90,70,50,100,100,100
483,DC Comics,Speedy,Thea Queen,Female,Human,Good,75,5,35,20,25,70
484,Marvel Comics,Spider-Man (Black) (Raimi),Peter Benjamin Parker,Male,Metahuman,Good,90,55,65,70,70,80
485,Marvel Comics,Spider-Man Noir,Peter Parker,Male,Human,Good,100,55,70,75,75,95
486,Marvel Comics,Spider-Woman,Jessica Drew,Female,Human,Good,80,40,40,60,70,70
487,Marvel Comics,Spyke,Evan Daniels,Male,Mutant,Good,75,10,15,60,50,30
488,Marvel Comics,Star-Lord,Peter Quill,Male,Human-Spartoi,Good,85,20,35,50,25,70
489,DC Comics,Star Sapphire,Carol Ferris,Female,Human,Good,90,55,75,70,100,70
490,DC Comics,Starfire (Titans),Koriand'r,Female,Tamaranean,Good,90,50,40,70,75,90
491,DC Comics,Starfire,Koriand'r,Female,Tamaranean,Good,80,90,100,85,100,75
492,DC Comics,Stargirl,Courtney Whitmore,Female,Human,Good,80,80,50,90,100,70
493,DC Comics,Starling,Evelyn Crawford,Female,Human,Good,85,10,15,25,20,85
494,Marvel Comics,Steel Serpent (MCU),Davos,Male,Human,Bad,70,15,50,40,45,100
495,DC Comics,Steel,John Irons,Male,Human,Good,90,80,55,90,65,65
496,Marvel Comics,Stick (MCU),Unknown,Male,Human,Neutral,85,10,40,40,50,100
497,Marvel Comics,Storm (FOX),Ororo Munroe,Female,Mutant,Good,75,25,65,45,100,70
498,DC Comics,Strange Visitor Superman,Kal-El,Male,Kryptonian,Good,90,100,100,100,100,90
499,Marvel Comics,Sunspot,Roberto DaCosta,Male,Mutant,Good,80,65,35,25,100,70
500,DC Comics,Superboy-Prime,Kal-El,Male,Kryptonian,Bad,95,100,100,100,100,85
501,DC Comics,Supergirl (Injustice),Kara Zor-El,Female,Kryptonian,Good,90,100,100,100,100,95
502,DC Comics,Superman (2006),Kal-El,Male,Kryptonian,Good,85,100,100,100,100,75
503,DC Comics,Superman (Smallville),Kal-El,Male,Kryptonian,Good,95,100,100,100,100,85
504,DC Comics,Swamp Thing,Alec Holland,Male,God / Eternal,Bad,95,95,25,100,100,55
505,Marvel Comics,Swarm,Fritz von Meyer,Male,Mutant,Bad,90,20,50,90,40,35
506,Dark Horse Comics,T-X,Cyberdyne Systems Series X Terminator,Female,Cyborg,Bad,90,65,30,85,100,80
507,Marvel Comics,Taskmaster,Tony Masters,Male,Human,Bad,90,10,50,20,65,100
508,Marvel Comics,Thanos,Thanos,Male,Eternal,Bad,100,100,75,100,100,100
509,DC Comics,The Batman Of Zur-En-Arrh,Tlano,Male,Human,Good,100,30,45,50,60,100
510,Dark Horse Comics,The Boy,Number Five,Male,Human / Altered,Good,85,5,10,10,100,85
511,DC Comics,The Comedian,Edward Morgen Blake,Male,Human,Neutral,80,15,15,10,10,80
512,Image Comics,The Crow,Eric Draven,Male,Human,Good,75,30,50,100,100,100
513,Marvel Comics,The Executioner (MCU),Skurge,Male,Asgardian,Neutral,70,65,60,75,70,85
514,DC Comics,The Flash (CW),Jay Garrick,Male,Metahuman,Good,85,30,100,70,100,65
515,Marvel Comics,The Keeper,Norrin Radd,Male,Alien,Good,75,100,100,100,100,75
516,DC Comics,The Ray (CW),Ray Terrill,Male,Metahuman,Good,75,70,95,100,100,75
517,DC Comics,The Rival (CW),Edward Clariss,Male,Metahuman,Bad,75,30,95,70,100,80
518,DC Comics,The Scarecrow (Gotham),Jonathan Crane,Male,Human,Bad,90,10,35,30,40,80
519,Marvel Comics,The Shocker (MCU),Herman Schultz,Male,Human,Bad,85,10,25,70,60,60
520,Marvel Comics,The Thing (FOX),Ben Grimm,Male,Human / Radiation,Good,70,80,50,90,65,95
521,DC Comics,The Thinker (CW),Clifford DeVoe,Male,Metahuman,Bad,100,10,30,30,100,50
522,Marvel Comics,The Wasp,Janet van Dyne,Female,Human,Good,80,15,60,50,30,40
523,Marvel Comics,Thor Girl,Tarene,Female,Asgardian,Good,90,85,70,85,100,70
524,Marvel Comics,Thor (Odin Force),Thor Odinson,Male,God / Eternal,Good,85,100,100,100,100,100
525,Marvel Comics,Titania,Mary McPherran,Female,Mutant,Bad,90,80,90,95,75,90
526,Marvel Comics,Toad (FOX),Mortimer Toynbee,Male,Mutant,Bad,80,30,60,55,65,80
527,Marvel Comics,Toad,Mortimer Toynbee,Male,Mutant,Neutral,75,35,60,55,70,30
528,Marvel Comics,Toxin,Eddie Brock,Male,Symbiote,Good,90,80,40,85,95,70
529,DC Comics,Toymaster,Hiro Okamura,Male,Human,Good,100,10,20,50,60,40
530,Marvel Comics,Triton,Triton,Male,Inhuman,Good,80,65,50,65,35,55
531,DC Comics,Two-Face,Harvey Dent,Male,Human,Bad,85,10,15,15,30,70
532,Marvel Comics,Typhoid Mary (MCU),Mary Walker,Female,Human,Neutral,90,15,40,35,45,100
533,Marvel Comics,Ultimo,Doomsday Device,Male,Android,Bad,50,100,50,100,100,100
534,Marvel Comics,Valkyrie (MCU),Brunnhilde,Female,Asgardian,Good,90,95,85,95,95,55
535,Marvel Comics,Valkyrie,Brunnhilde,Female,Asgardian,Good,80,60,70,80,100,90
536,Marvel Comics,Venom III,MacDonald Gargan,Male,Symbiote,Bad,80,75,35,90,75,55
537,Marvel Comics,Venom,Eddie Brock,Male,Symbiote,Bad,90,55,65,85,85,85
538,DC Comics,Vibe (CW),Cisco Ramon,Male,Metahuman,Bad,100,10,45,40,80,65
539,DC Comics,Vibe,Cisco Ramon,Male,Human,Good,75,10,15,30,100,30
540,DC Comics,Vigilante (CW),Vincent Sobel,Male,Metahuman,Good,85,15,45,60,70,90
541,Marvel Comics,Vili,Vili,Male,Asgardian,Good,100,55,70,85,100,100
542,Dark Horse Comics,Violet Parr,Violet Parr,Female,Human,Good,80,10,15,50,80,15
543,Marvel Comics,Vision,Vision,Male,Android,Good,100,70,55,95,100,70
544,DC Comics,Vixen (CW),Amaya Jiwe,Female,Human,Good,85,50,65,55,80,95
545,DC Comics,Vixen II (CW),Mari,Female,Human,Good,80,50,70,60,100,80
546,DC Comics,Vixen,Mari McCabe,Female,Human,Good,75,40,50,50,60,25
547,Marvel Comics,Volstagg (MCU),Volstagg,Male,Asgardian,Good,70,60,55,80,75,85
548,Marvel Comics,Vulture (MCU),Adrian Toomes,Male,Human,Bad,85,45,60,55,60,75
549,Marvel Comics,Vulture,Adrian Toomes,Male,Human,Bad,90,20,40,25,25,30
550,Marvel Comics,Walrus,Hubert Carpent,Male,Human,Bad,75,30,10,50,10,20
551,Marvel Comics,War Machine,James Rhodes,Male,Human,Good,80,80,65,100,100,85
552,Marvel Comics,Warpath,James Proudstar,Male,Mutant,Good,70,70,45,70,25,85
553,Capcom,Wesker,Albert Wesker,Male,Human / Altered,Bad,100,50,50,50,100,100
554,DC Comics,White Canary (CW),Sara Lance,Female,Human,Good,100,20,100,50,55,100
555,Marvel Comics,White Wolf (MCU),James Buchanan Barnes,Male,Human,Good,80,50,60,60,70,100
556,DC Comics,Wild Dog (CW),Rene Ramirez,Male,Human,Good,80,15,35,45,40,90
557,Marvel Comics,William Stryker (FOX),"William Stryker, Jr.",Male,Human,Bad,100,15,15,25,20,70
558,Marvel Comics,Winter Soldier,Bucky Barnes,Male,Human,Good,80,30,35,65,60,85
559,DC Comics,Wonder Girl (Titans),Donna Troy,Female,Amazon,Good,100,95,65,65,70,100
560,DC Comics,Wonder Girl,Diana Prince,Female,Demi-God,Good,95,100,75,100,100,100
561,Marvel Comics,Wong (MCU),Wong,Male,Human,Good,70,60,40,45,100,70
562,Marvel Comics,World Breaker Hulk,Bruce Banner,Male,Human / Radiation,Good,85,100,85,100,100,85
563,Marvel Comics,X-23 (FOX),Laura Kinney,Female,Mutant,Good,90,65,70,85,85,80
564,Marvel Comics,X-23,Laura Kinney,Female,Mutant / Clone,Good,90,25,40,100,55,95
565,Marvel Comics,YellowJacket (MCU),Darren Cross,Male,Human,Bad,95,35,60,70,70,70
566,Marvel Comics,Yellowjacket,Hank Pym,Male,Human,Good,95,10,10,30,10,15
567,Marvel Comics,Yo-yo (MCU),Elena Rodriguez,Female,Inhuman,Good,80,35,100,40,60,90
568,George Lucas,Yoda,Yoda,Male,Yoda's species,Good,95,50,35,25,100,90
569,Marvel Comics,Yukio (FOX),Yukio,Female,Mutant,Good,80,10,50,30,45,100
570,DC Comics,Zatanna,Zatanna Zatara,Female,Human,Good,90,10,25,30,100,55
